type,year,deaths,injured,affected,homeless,total_affected,damages_usd,insured_usd,reconstruction_usd,damages_nominal_usd,insured_nominal_usd,reconstruction_nominal_usd,n_events,decade
earthquake,1900,140,0,0,0,0,0,0,0,0,0,0,1,1900
earthquake,1901,18,0,0,24,24,0,0,0,0,0,0,1,1900
earthquake,1902,9148,60,142592,0,142652,9.06351e+08,0,0,2.5e+07,0,0,4,1900
earthquake,1903,6630,0,60000,0,60000,0,0,0,0,0,0,5,1900
earthquake,1904,152,168,1620,2181,3969,0,0,0,0,0,0,3,1900
earthquake,1905,20729,2000,177,20100,22277,1.70367e+09,0,0,4.88e+07,0,0,6,1900
earthquake,1906,22653,229,10000,110253,120482,2.17847e+10,6.28404e+09,0,6.24e+08,1.8e+08,0,6,1900
earthquake,1907,13200,0,90000,0,90000,1.00993e+09,0,0,3e+07,0,0,2,1900
earthquake,1908,75000,0,150000,0,150000,4.04971e+09,0,0,1.16e+08,0,0,2,1900
earthquake,1909,5478,51,0,3294,3345,0,0,0,0,0,0,8,1900
earthquake,1910,2522,0,0,0,0,0,0,0,0,0,0,4,1910
earthquake,1911,1297,22,0,1266,1288,0,0,0,0,0,0,5,1910
earthquake,1912,923,1575,0,16620,18195,0,0,0,0,0,0,1,1910
earthquake,1913,1230,112,0,0,112,0,0,0,0,0,0,4,1910
earthquake,1914,4282,720,0,53589,54309,0,0,0,0,0,0,6,1910
earthquake,1915,30156,0,0,0,0,1.89485e+09,0,0,6.1e+07,0,0,3,1910
earthquake,1916,181,20,0,2133,2153,0,0,0,0,0,0,2,1910
earthquake,1917,19504,85,0,390,475,0,0,0,0,0,0,4,1910
earthquake,1918,10216,0,0,0,0,6.06559e+08,0,0,2.9e+07,0,0,3,1910
earthquake,1919,0,0,0,0,0,0,0,0,0,0,0,0,1910
earthquake,1920,182648,167,0,0,167,3.92172e+08,0,0,2.5e+07,0,0,5,1920
earthquake,1921,0,0,0,0,0,0,0,0,0,0,0,0,1920
earthquake,1922,1032,0,0,417,417,0,0,0,0,0,0,3,1920
earthquake,1923,150965,103733,100000,0,203733,1.10083e+10,0,0,6e+08,0,0,7,1920
earthquake,1924,1037,0,0,12390,12390,0,0,0,0,0,0,6,1920
earthquake,1925,6140,0,0,17628,17628,1.43423e+08,0,0,8e+06,0,0,8,1920
earthquake,1926,12,0,0,0,0,0,0,0,0,0,0,1,1920
earthquake,1927,44252,3869,29463,180152,213484,7.21235e+08,0,0,4e+07,0,0,4,1920
earthquake,1928,635,209,0,0,209,0,0,0,0,0,0,7,1920
earthquake,1929,3270,1121,0,0,1121,0,0,0,0,0,0,2,1920
earthquake,1930,5563,2141,12940,25551,40632,3.75733e+08,0,0,2e+07,0,0,15,1930
earthquake,1931,14286,0,11000,0,11000,8.25624e+08,0,0,4e+07,0,0,6,1930
earthquake,1932,1627,904,9654,17643,28201,0,0,0,0,0,0,6,1930
earthquake,1933,13326,0,0,150,150,9.36348e+08,0,0,3.85e+07,0,0,5,1930
earthquake,1934,15827,0,0,0,0,0,0,0,0,0,0,5,1930
earthquake,1935,67412,43057,0,239535,282592,0,0,0,0,0,0,7,1930
earthquake,1936,611,51,0,71465,71516,0,0,0,0,0,0,11,1930
earthquake,1937,425,200,0,0,200,0,0,0,0,0,0,3,1930
earthquake,1938,149,800,920,4710,6430,0,0,0,0,0,0,2,1930
earthquake,1939,63121,58750,585000,8937,652687,2.12168e+10,0,0,9.4e+08,0,0,7,1930
earthquake,1940,1402,3975,0,63730,67705,9.63622e+08,0,0,4.3e+07,0,0,7,1940
earthquake,1941,2856,413,5000,40759,46172,0,0,0,0,0,0,8,1940
earthquake,1942,3426,135,0,0,135,4.8119e+07,0,0,2.5e+06,0,0,8,1940
earthquake,1943,6984,7131,14000,23217,44348,2.53892e+09,0,0,1.4e+08,0,0,9,1940
earthquake,1944,15250,37135,120000,78438,235573,1.7826e+09,0,0,1e+08,0,0,6,1940
earthquake,1945,6943,926,0,21663,22589,4.35746e+08,0,0,2.5e+07,0,0,8,1940
earthquake,1946,5226,384,0,3500,3884,4.02227e+08,0,0,2.5e+07,0,0,10,1940
earthquake,1947,636,20,0,35000,35020,0,0,0,0,0,0,3,1940
earthquake,1948,116315,18245,10110,322220,350575,1.3445e+10,0,0,1.0285e+09,0,0,7,1940
earthquake,1949,9890,545,100000,5050,105595,1.17586e+09,0,0,8.92e+07,0,0,7,1940
earthquake,1950,1950,250,0,40000,40250,3.25454e+08,0,0,2.5e+07,0,0,7,1950
earthquake,1951,4739,986,0,161360,162346,2.77537e+08,0,0,2.3e+07,0,0,7,1950
earthquake,1952,2689,667,0,4779,5446,1.07213e+09,0,0,9.09e+07,0,0,13,1950
earthquake,1953,2758,2587,50000,142365,194952,7.15134e+09,0,0,6.1088e+08,0,0,9,1950
earthquake,1954,3319,5301,0,129250,134551,1.06718e+08,0,0,9.15e+06,0,0,5,1950
earthquake,1955,489,2290,25056,1377,28723,5.8579e+07,0,0,5e+06,0,0,6,1950
earthquake,1956,763,2589,0,0,2589,2.88494e+08,0,0,2.5e+07,0,0,6,1950
earthquake,1957,6970,5219,10000,0,15219,5.02498e+08,0,0,4.5e+07,0,0,7,1950
earthquake,1958,338,2921,1030,475,4426,1.09787e+08,0,0,1.01e+07,0,0,5,1950
earthquake,1959,69,263,0,0,263,1.18373e+08,0,0,1.1e+07,0,0,3,1950
earthquake,1960,19931,3200,2000000,1250,2004450,1.49022e+10,0,0,1.405e+09,0,0,8,1960
earthquake,1961,100,0,0,0,0,0,0,0,0,0,0,3,1960
earthquake,1962,12078,3454,100000,30000,133454,3.11096e+08,0,0,3e+07,0,0,4,1960
earthquake,1963,1385,3693,0,5000,8693,1.02941e+10,0,0,1.005e+09,0,0,3,1960
earthquake,1964,335,2961,90500,23000,116461,1.13171e+10,5.0568e+07,0,1.119e+09,5e+06,0,7,1960
earthquake,1965,695,2291,192582,60000,254873,1.97124e+09,0,0,1.98e+08,0,0,8,1960
earthquake,1966,2789,4409,322600,49256,376265,3.44148e+09,0,0,3.561e+08,0,0,13,1960
earthquake,1967,955,4944,441640,113995,560579,1.77728e+09,0,0,1.89e+08,0,0,15,1960
earthquake,1968,11571,6153,172974,14000,193127,4.24737e+09,0,0,4.70969e+08,0,0,16,1960
earthquake,1969,3380,2340,252000,146200,400540,6.78285e+08,0,0,7.932e+07,0,0,11,1960
earthquake,1970,78181,146948,3246331,27992,3421271,4.86188e+09,0,0,6.0175e+08,0,0,12,1970
earthquake,1971,1108,3757,2419527,27465,2450749,6.47649e+09,2.71145e+08,0,8.36e+08,3.5e+07,0,6,1970
earthquake,1972,15183,21347,1927576,375000,2323923,8.74678e+09,7.50153e+08,0,1.166e+09,1e+08,0,7,1970
earthquake,1973,591,590,3563,924,5077,8.7606e+07,0,0,1.24e+07,0,0,8,1970
earthquake,1974,24829,17487,71260,5200,93947,8.4326e+07,0,0,1.3255e+07,0,0,6,1970
earthquake,1975,4632,3372,51560,0,54932,1.04919e+08,0,0,1.8e+07,0,0,5,1970
earthquake,1976,277005,268923,4748472,1383000,6400395,5.89142e+10,0,0,1.0688e+10,0,0,21,1970
earthquake,1977,3098,12981,690026,215500,918507,1.07783e+10,0,0,2.0825e+09,0,0,14,1970
earthquake,1978,25162,936,648407,2955,652298,6.32347e+09,9.617e+06,0,1.315e+09,2e+06,0,9,1970
earthquake,1979,2063,7511,409000,603645,1020156,2.28281e+09,0,0,5.2815e+08,0,0,21,1970
earthquake,1980,7639,23035,1134398,478000,1635433,9.69444e+10,0,0,2.5468e+10,0,0,17,1980
earthquake,1981,3979,7455,150813,0,158268,6.64293e+09,0,0,1.9255e+09,0,0,15,1980
earthquake,1982,2183,5244,494950,9500,509694,6.68645e+09,0,0,2.05695e+09,0,0,15,1980
earthquake,1983,2294,7247,921125,91555,1019927,3.21681e+09,0,0,1.02138e+09,0,0,26,1980
earthquake,1984,60,811,760975,34300,796086,2.40061e+08,0,0,7.95e+07,0,0,13,1980
earthquake,1985,9852,33685,3055507,619800,3708992,1.63542e+10,2.62461e+08,0,5.608e+09,9e+07,0,17,1980
earthquake,1986,1181,21260,820200,266940,1108400,8.61211e+09,6.43929e+08,0,3.00922e+09,2.25e+08,0,21,1980
earthquake,1987,5151,582,260029,156000,416611,5.34652e+09,8.2822e+07,0,1.93662e+09,3e+07,0,15,1980
earthquake,1988,27039,20418,22466190,799250,23285858,3.81984e+10,0,0,1.44005e+10,0,0,15,1980
earthquake,1989,650,5269,147790,200565,353624,1.73861e+10,1.00205e+09,0,6.8708e+09,3.96e+08,0,19,1980
earthquake,1990,42845,113290,2298174,185006,2596470,2.20816e+10,4.66002e+08,0,9.19745e+09,1.941e+08,0,41,1990
earthquake,1991,2454,6260,721445,250110,977815,4.42577e+09,0,0,1.9215e+09,0,0,29,1990
earthquake,1992,4033,17371,493337,257808,768516,5.95592e+09,1.47101e+08,0,2.66415e+09,6.58e+07,0,25,1990
earthquake,1993,10088,31609,145683,47980,225272,3.84461e+09,1.43318e+08,0,1.7705e+09,6.6e+07,0,20,1990
earthquake,1994,1242,12988,717725,61232,791945,6.43836e+10,2.20343e+10,0,3.04227e+10,1.04117e+10,0,25,1990
earthquake,1995,7739,38722,1526697,375136,1940555,2.08502e+11,6.17607e+09,0,1.01286e+11,3.0002e+09,0,26,1990
earthquake,1996,576,18686,3581480,1890015,5490181,1.14476e+09,0,0,5.724e+08,0,0,13,1990
earthquake,1997,3059,10453,938005,348545,1297003,9.68982e+09,8.012e+06,0,4.95834e+09,4.1e+06,0,22,1990
earthquake,1998,9573,20219,3414234,243410,3677863,2.34793e+09,9.6219e+07,0,1.2201e+09,5e+07,0,30,1990
earthquake,1999,21869,71602,5366491,1418748,6856841,7.85534e+10,5.83782e+09,6.59109e+10,4.17134e+10,3.1e+09,3.5e+10,33,1990
earthquake,2000,217,6851,2094478,377229,2478558,1.41161e+09,2.73248e+08,0,7.74903e+08,1.5e+08,0,29,2000
earthquake,2001,21348,179663,7288605,2243015,9711283,1.30443e+10,1.5466e+09,0,7.36305e+09,8.73e+08,0,24,2000
earthquake,2002,1639,4756,786413,58534,849703,3.60594e+09,1.7439e+07,0,2.06771e+09,1e+07,0,37,2000
earthquake,2003,29616,43275,3505826,645314,4194415,1.40729e+10,6.85497e+08,0,8.25285e+09,4.02e+08,0,38,2000
earthquake,2004,227290,48720,1921278,1177207,3147205,6.43875e+10,2.17234e+09,0,3.877e+10,1.30804e+09,0,42,2000
earthquake,2005,76241,146904,888860,5151700,6187464,1.07701e+10,2.08814e+08,8.35254e+09,6.7051e+09,1.3e+08,5.2e+09,25,2000
earthquake,2006,6692,140437,2873412,844990,3858839,5.33955e+09,1.2604e+08,0,3.43145e+09,8.1e+07,0,24,2000
earthquake,2007,780,6103,1314448,79333,1399884,2.26512e+10,9.10768e+08,0,1.4972e+10,6.02e+08,0,21,2000
earthquake,2008,87915,370914,46724393,417140,47512447,1.25002e+11,5.17223e+08,1.45697e+10,8.5796e+10,3.55e+08,1e+10,22,2000
earthquake,2009,1898,7387,3085775,143960,3237122,8.82149e+09,1.03814e+09,0,6.03316e+09,7.1e+08,0,22,2000
earthquake,2010,226724,323940,5700795,912204,6936939,6.80455e+10,1.96926e+10,3.21363e+10,4.73007e+10,1.3689e+10,2.2339e+10,22,2010
earthquake,2011,20946,13203,1531665,202752,1747620,3.21165e+11,7.20899e+10,0,2.303e+11,5.1694e+10,0,30,2010
earthquake,2012,713,41787,2792109,29337,2863233,2.53257e+10,3.87613e+09,0,1.85363e+10,2.837e+09,0,27,2010
earthquake,2013,1120,21568,7081667,14540,7117775,1.22763e+10,7.3791e+07,0,9.11686e+09,5.48e+07,0,29,2010
earthquake,2014,771,5814,3139306,24070,3169190,9.51391e+09,2.29235e+08,0,7.18e+09,1.73e+08,0,25,2010
earthquake,2015,9551,81650,6954591,186230,7222471,7.97778e+09,5.95569e+08,0,6.02785e+09,4.5e+08,0,23,2010
earthquake,2016,1312,12031,1144113,29741,1185885,4.31237e+10,1.05932e+10,4.3706e+09,3.29945e+10,8.105e+09,3.344e+09,30,2010
earthquake,2017,1012,18097,1979804,11931,2009832,1.24574e+10,3.07905e+09,6.783e+06,9.73434e+09,2.406e+09,5.3e+06,22,2010
earthquake,2018,5061,5283,3229567,74295,3309145,8.88699e+09,0,1.99876e+09,7.114e+09,0,1.6e+09,20,2010
earthquake,2019,258,5038,1649855,8318,1663211,2.95613e+09,6.1349e+07,0,2.40926e+09,5e+07,0,31,2010
earthquake,2020,196,2964,353878,28590,385432,1.80083e+10,4.84815e+08,1.14538e+10,1.48579e+10,4e+08,9.45e+09,16,2020
earthquake,2021,2742,15295,1304450,9763,1329508,1.30883e+10,2.6626e+09,2.28991e+09,1.13059e+10,2.3e+09,1.97806e+09,28,2020
earthquake,2022,1753,12673,3593454,9984,3616111,1.33935e+10,3.00124e+09,0,1.24954e+10,2.8e+09,0,31,2020
earthquake,2023,63473,131325,27344368,3210,27478903,5.36934e+10,3.11732e+08,1.18186e+11,5.21551e+10,3.028e+08,1.148e+11,32,2020
earthquake,2024,750,3050,378919,78984,460953,1.813e+10,2.5e+09,0,1.813e+10,2.5e+09,0,14,2020
earthquake,2025,6353,12966,5908179,2142,5923287,0,0,0,1.3951e+10,6e+08,0,29,2020
flood,1900,300,0,0,0,0,0,0,0,0,0,0,1,1900
flood,1901,0,0,0,0,0,0,0,0,0,0,0,0,1900
flood,1902,0,0,0,0,0,0,0,0,0,0,0,0,1900
flood,1903,250,0,1200,0,1200,1.67784e+10,0,0,4.806e+08,0,0,2,1900
flood,1904,0,0,0,0,0,0,0,0,0,0,0,0,1900
flood,1905,0,0,0,0,0,0,0,0,0,0,0,0,1900
flood,1906,0,0,0,0,0,0,0,0,0,0,0,0,1900
flood,1907,153,0,6000,0,6000,0,0,0,0,0,0,3,1900
flood,1908,0,0,0,0,0,0,0,0,0,0,0,0,1900
flood,1909,72,0,0,0,0,0,0,0,0,0,0,1,1900
flood,1910,1395,0,0,0,0,0,0,0,0,0,0,2,1910
flood,1911,100000,0,0,0,0,0,0,0,0,0,0,1,1910
flood,1912,0,0,0,0,0,0,0,0,0,0,0,0,1910
flood,1913,0,0,0,0,0,0,0,0,0,0,0,0,1910
flood,1914,0,0,0,0,0,0,0,0,0,0,0,0,1910
flood,1915,0,0,3000000,0,3000000,0,0,0,0,0,0,1,1910
flood,1916,15,0,0,0,0,0,0,0,0,0,0,1,1910
flood,1917,0,0,635000,0,635000,0,0,0,0,0,0,1,1910
flood,1918,0,0,0,0,0,0,0,0,0,0,0,0,1910
flood,1919,0,0,0,0,0,0,0,0,0,0,0,0,1910
flood,1920,23,0,0,0,0,3.13737e+08,0,0,2e+07,0,0,2,1920
flood,1921,0,0,0,0,0,0,0,0,0,0,0,0,1920
flood,1922,0,0,0,0,0,0,0,0,0,0,0,0,1920
flood,1923,0,0,0,0,0,0,0,0,0,0,0,0,1920
flood,1924,15,0,0,0,0,0,0,0,0,0,0,1,1920
flood,1925,13,0,0,0,0,3.40629e+08,0,0,1.9e+07,0,0,2,1920
flood,1926,1000,0,0,0,0,5.49483e+08,0,0,3.1e+07,0,0,4,1920
flood,1927,3246,0,0,0,0,4.147e+06,0,0,230000,0,0,2,1920
flood,1928,36,0,6000,2000,8000,0,0,0,0,0,0,2,1920
flood,1929,0,0,0,0,0,0,0,0,0,0,0,0,1920
flood,1930,230,0,16200,0,16200,0,0,0,0,0,0,1,1930
flood,1931,3700000,0,0,0,0,2.88969e+10,0,0,1.4e+09,0,0,1,1930
flood,1932,0,0,0,0,0,0,0,0,0,0,0,0,1930
flood,1933,18053,0,0,3600000,3600000,0,0,0,0,0,0,2,1930
flood,1934,55,0,0,0,0,2.80959e+08,0,0,1.2e+07,0,0,1,1930
flood,1935,142000,0,10030000,0,10030000,7.55718e+08,0,0,3.3e+07,0,0,1,1930
flood,1936,114,0,0,0,0,4.51421e+09,0,0,2e+08,0,0,1,1930
flood,1937,510,0,800,1000000,1000800,9.54284e+09,0,0,4.38e+08,0,0,3,1930
flood,1938,954,0,0,0,0,0,0,0,0,0,0,2,1930
flood,1939,500000,0,0,0,0,0,0,0,0,0,0,1,1930
flood,1940,272,0,15000,2000,17000,0,0,0,0,0,0,3,1940
flood,1941,0,0,0,0,0,0,0,0,0,0,0,0,1940
flood,1942,0,0,0,0,0,0,0,0,0,0,0,0,1940
flood,1943,990,0,0,0,0,1.63216e+10,0,0,9e+08,0,0,2,1940
flood,1944,0,0,0,0,0,0,0,0,0,0,0,0,1940
flood,1945,0,0,0,0,0,0,0,0,0,0,0,0,1940
flood,1946,0,0,0,0,0,0,0,0,0,0,0,0,1940
flood,1947,2000,0,0,0,0,0,0,0,0,0,0,1,1940
flood,1948,917,0,0,0,0,0,0,0,0,0,0,5,1940
flood,1949,97000,0,0,0,0,1.97734e+08,0,0,1.5e+07,0,0,2,1940
flood,1950,3808,0,10132000,0,10132000,1.30182e+09,0,0,1e+08,0,0,11,1950
flood,1951,5673,0,843934,170000,1013934,1.60368e+10,0,0,1.329e+09,0,0,7,1950
flood,1952,199,0,660,0,660,0,0,0,0,0,0,4,1950
flood,1953,7202,0,2187110,4000,2191110,3.51198e+09,0,0,3e+08,0,0,12,1950
flood,1954,34436,0,0,0,0,5.94818e+08,0,0,5.1e+07,0,0,9,1950
flood,1955,539,0,15000,0,15000,0,0,0,0,0,0,3,1950
flood,1956,3613,0,0,77000,77000,0,0,0,0,0,0,9,1950
flood,1957,2480,0,291440,0,291440,0,0,0,0,0,0,11,1950
flood,1958,400,0,11900,0,11900,0,0,0,0,0,0,3,1950
flood,1959,486335,0,13000,0,13000,0,0,0,0,0,0,13,1950
flood,1960,968582,0,167000,0,167000,0,0,0,0,0,0,8,1960
flood,1961,562919,0,1302384,2000,1304384,0,0,0,0,0,0,9,1960
flood,1962,1550,0,20000,0,20000,1.03699e+09,0,0,1e+08,0,0,8,1960
flood,1963,1031,10,80400,0,80410,0,0,0,0,0,0,8,1960
flood,1964,1140,0,2223037,53900,2276937,9.03344e+09,0,0,8.932e+08,0,0,22,1960
flood,1965,1359,15245,4412313,88214,4515772,5.1979e+09,0,0,5.221e+08,0,0,19,1960
flood,1966,1923,2384,3297524,1616563,4916471,2.13252e+10,0,0,2.20658e+09,0,0,23,1960
flood,1967,2446,1841,2252561,210800,2465202,3.05548e+09,0,0,3.24926e+08,0,0,26,1960
flood,1968,7306,100200,23834192,894584,24828976,3.76229e+09,0,0,4.17181e+08,0,0,20,1960
flood,1969,1544,3890,1799713,17384,1820987,4.71534e+09,0,0,5.5142e+08,0,0,14,1960
flood,1970,3204,1603,27729482,472018,28203103,1.10914e+10,0,0,1.37277e+09,0,0,31,1970
flood,1971,2404,2000,1157000,15000,1174000,4.30965e+09,0,0,5.563e+08,0,0,15,1970
flood,1972,2548,965,3604061,710502,4315528,3.25936e+09,0,0,4.34493e+08,0,0,15,1970
flood,1973,1629,811,5132740,93750,5227301,1.22296e+10,0,0,1.73099e+09,0,0,20,1970
flood,1974,29437,0,41106323,2093500,43199823,5.54364e+09,0,0,8.67472e+08,0,0,18,1970
flood,1975,20848,93,43049205,7080150,50129448,6.30424e+09,0,0,1.08156e+09,0,0,17,1970
flood,1976,965,270,9765078,220000,9985348,3.2387e+09,0,0,5.87553e+08,0,0,15,1970
flood,1977,2571,7000,3216782,400260,3624042,3.72604e+09,0,0,7.19913e+08,0,0,47,1970
flood,1978,5909,1513,42348070,138200,42487783,5.34308e+09,0,0,1.11112e+09,0,0,48,1970
flood,1979,1039,647,30439310,146732,30586689,9.30511e+08,0,0,2.15283e+08,0,0,35,1970
flood,1980,10467,27186,45115776,156000,45298962,4.35884e+09,0,0,1.1451e+09,0,0,39,1980
flood,1981,5229,33585,20541750,213185,20788520,9.08958e+09,0,0,2.63468e+09,0,0,42,1980
flood,1982,4389,25292,36469362,372410,36867064,1.23896e+10,0,0,3.81142e+09,0,0,47,1980
flood,1983,2333,442,20855181,644600,21500223,2.39967e+10,0,0,7.61345e+09,0,0,49,1980
flood,1984,2980,233,53067829,450570,53518632,9.51032e+09,0,0,3.1495e+09,0,0,46,1980
flood,1985,4376,87,17013965,684447,17698499,9.91794e+09,0,0,3.40095e+09,0,0,57,1980
flood,1986,1783,694,11139025,1443200,12582919,1.09072e+10,2.1865e+08,0,3.81115e+09,7.64e+07,0,49,1980
flood,1987,6770,1488,49803500,282500,50087488,1.50038e+10,6.84663e+08,0,5.4347e+09,2.48e+08,0,65,1980
flood,1988,8504,5235,105469411,2505125,107979771,2.03871e+10,6.18048e+08,0,7.68579e+09,2.33e+08,0,75,1980
flood,1989,4716,11312,103453517,867158,104331987,9.85881e+09,0,0,3.8961e+09,0,0,46,1980
flood,1990,2246,8313,46317186,349875,46675374,1.05315e+10,1.94948e+08,0,4.3866e+09,8.12e+07,0,60,1990
flood,1991,5850,32427,222233585,5533814,227799826,2.81496e+10,2.50137e+09,0,1.22191e+10,1.086e+09,0,76,1990
flood,1992,5242,252120,15357694,3995510,19605324,1.83261e+10,2.4591e+07,0,8.18673e+09,1.1e+07,0,58,1990
flood,1993,6116,1570,148878032,374335,149253937,7.12691e+10,3.37699e+09,0,3.28205e+10,1.55515e+09,0,84,1990
flood,1994,6773,22785,122554149,7214123,129791057,4.34932e+10,1.61497e+09,0,2.05503e+10,7.62746e+08,0,90,1990
flood,1995,7893,70916,190591153,2717507,193379576,5.64353e+10,5.14227e+08,0,2.74151e+10,2.498e+08,0,93,1990
flood,1996,8104,252985,177483425,5006286,182742696,5.59167e+10,1.48575e+09,0,2.79586e+10,7.429e+08,0,95,1990
flood,1997,7590,29045,43545596,1079851,44654492,3.58127e+10,2.52176e+09,0,1.83124e+10,1.2904e+09,0,96,1990
flood,1998,10759,124006,275439323,17936675,293500004,8.4798e+10,2.64409e+09,0,4.40632e+10,1.374e+09,0,96,1990
flood,1999,34811,29767,145344374,3915656,149289797,2.94003e+10,2.21084e+09,5.65e+06,1.56121e+10,1.174e+09,3e+06,122,1990
flood,2000,5970,1494,73164719,788468,73954681,4.6996e+10,2.68056e+09,0,2.57985e+10,1.4715e+09,0,146,2000
flood,2001,4956,4763,34218426,326601,34549790,8.24244e+09,6.2892e+07,0,4.65257e+09,3.55e+07,0,151,2000
flood,2002,4163,38845,167656399,93081,167788325,4.58714e+10,7.44395e+09,1.7439e+07,2.63035e+10,4.2685e+09,1e+07,165,2000
flood,2003,3724,152856,167423674,1646689,169223219,3.52603e+10,2.00022e+09,0,2.06779e+10,1.173e+09,0,158,2000
flood,2004,7151,16165,116600591,575090,117191846,1.75638e+10,1.40832e+09,0,1.05708e+10,8.48e+08,0,131,2000
flood,2005,5650,1888,74164133,657994,74824015,2.84063e+10,5.76968e+09,1.27711e+09,1.76847e+10,3.592e+09,7.95084e+08,191,2000
flood,2006,5855,2248,25699706,4679244,30381198,1.2556e+10,1.35455e+09,1.98472e+08,8.06087e+09,8.705e+08,1.27548e+08,232,2000
flood,2007,8583,6656,177581984,954800,178543440,3.65707e+10,1.34784e+10,9.077e+06,2.41726e+10,8.909e+09,6e+06,219,2000
flood,2008,4023,981,42681673,2547797,45230451,2.92023e+10,3.69342e+09,7.83849e+08,2.00283e+10,2.535e+09,5.38e+08,171,2000
flood,2009,3523,1699,59582153,112870,59696722,1.17034e+10,1.2443e+09,0,8.00418e+09,8.51e+08,0,159,2000
flood,2010,8304,10732,186209888,666339,186886959,6.16312e+10,2.55623e+09,2.07263e+09,4.28419e+10,1.77692e+09,1.44075e+09,192,2010
flood,2011,6267,2354,136498015,1206667,137707036,1.06346e+11,1.83781e+10,0,7.60591e+10,1.31126e+10,0,158,2010
flood,2012,3637,9007,64631926,266338,64907271,3.72009e+10,4.02348e+09,0,2.72063e+10,2.93944e+09,0,141,2010
flood,2013,9779,6569,31669274,237896,31913739,7.18997e+10,7.74923e+09,2.033e+06,5.33954e+10,5.75487e+09,1.51e+06,152,2010
flood,2014,3528,5028,40362462,1258968,41626458,5.02159e+10,2.14527e+09,0,3.78742e+10,1.619e+09,0,139,2010
flood,2015,3468,23226,27452028,168658,27643912,2.76944e+10,6.88852e+09,0,2.09253e+10,5.20483e+09,0,161,2010
flood,2016,4438,8788,77033120,2250027,79291935,7.44471e+10,9.32129e+09,0,5.69584e+10,7.13117e+09,0,164,2010
flood,2017,3355,2125,55588335,90772,55681232,2.61656e+10,2.61706e+09,5.03065e+08,2.04438e+10,2.045e+09,3.931e+08,132,2010
flood,2018,2875,2394,33933479,327384,34263257,2.46274e+10,3.5428e+09,0,1.97142e+10,2.836e+09,0,127,2010
flood,2019,5063,3642,34243424,19842,34266908,4.40282e+10,6.44415e+09,0,3.58831e+10,5.252e+09,0,193,2010
flood,2020,6398,2995,34242204,690968,34936167,6.35105e+10,3.2119e+09,0,5.23887e+10,2.65e+09,0,207,2020
flood,2021,4416,3082,29450280,126441,29579803,8.77707e+10,1.21507e+10,3.0314e+08,7.58178e+10,1.0496e+10,2.61857e+08,224,2020
flood,2022,8034,19088,57569878,192958,57781924,4.85617e+10,6.43874e+09,1.08219e+10,4.52775e+10,6.007e+09,1.00891e+10,182,2020
flood,2023,7519,3559,37332463,44226,37380248,2.43311e+10,1.33834e+09,1.0295e+08,2.3634e+10,1.3e+09,1e+08,168,2020
flood,2024,6164,9705,50430957,3958,50444620,4.50444e+10,8.2e+09,0,4.50444e+10,8.2e+09,0,148,2020
flood,2025,5236,4883,22128533,30244,22163660,3.25364e+07,0,0,2.87788e+10,9e+08,0,120,2020
cyclone,1900,6000,0,0,0,0,1.13113e+09,0,0,3e+07,0,0,1,1900
cyclone,1901,0,0,0,0,0,0,0,0,0,0,0,0,1900
cyclone,1902,600,0,0,0,0,0,0,0,0,0,0,1,1900
cyclone,1903,171,180,0,6000,6180,3.4911e+07,0,0,1e+06,0,0,4,1900
cyclone,1904,0,0,0,0,0,0,0,0,0,0,0,1,1900
cyclone,1905,240,0,0,0,0,0,0,0,0,0,0,1,1900
cyclone,1906,10298,0,0,0,0,8.43247e+08,0,0,2.4154e+07,0,0,3,1900
cyclone,1907,0,0,0,0,0,0,0,0,0,0,0,0,1900
cyclone,1908,0,0,0,0,0,0,0,0,0,0,0,0,1900
cyclone,1909,763,0,0,15000,15000,5.23669e+08,0,0,1.5e+07,0,0,6,1900
cyclone,1910,30,0,0,0,0,0,0,0,0,0,0,1,1910
cyclone,1911,1000,0,0,0,0,6.7329e+08,0,0,2e+07,0,0,2,1910
cyclone,1912,51175,200,500000,97320,597520,1.18638e+09,0,0,3.65e+07,0,0,6,1910
cyclone,1913,732,0,0,0,0,3.16906e+09,0,0,1e+08,0,0,1,1910
cyclone,1914,0,0,0,0,0,0,0,0,0,0,0,1,1910
cyclone,1915,1875,0,0,0,0,1.95698e+09,0,0,6.3e+07,0,0,2,1910
cyclone,1916,300,0,0,0,0,0,0,0,0,0,0,1,1910
cyclone,1917,4057,0,0,0,0,1.22554e+09,0,0,5e+07,0,0,2,1910
cyclone,1918,34,0,0,0,0,1.04579e+08,0,0,5e+06,0,0,1,1910
cyclone,1919,500,0,0,0,0,4.53378e+08,0,0,2.5e+07,0,0,2,1910
cyclone,1920,243,1374,0,0,1374,0,0,0,0,0,0,1,1920
cyclone,1921,0,0,0,0,0,0,0,0,0,0,0,0,1920
cyclone,1922,100000,0,0,0,0,0,0,0,0,0,0,2,1920
cyclone,1923,3139,0,0,26300,26300,1.83472e+08,0,0,1e+07,0,0,6,1920
cyclone,1924,2242,0,1000000,0,1000000,0,0,0,0,0,0,2,1920
cyclone,1925,819,0,0,0,0,3.22701e+08,0,0,1.8e+07,0,0,3,1920
cyclone,1926,4029,0,0,40000,40000,1.73798e+09,0,0,9.8051e+07,0,0,10,1920
cyclone,1927,5772,630,40000,0,40630,3.96679e+08,0,0,2.2e+07,0,0,4,1920
cyclone,1928,4224,0,0,0,0,1.36804e+09,0,0,7.5e+07,0,0,7,1920
cyclone,1929,48,0,0,0,0,1.00323e+09,0,0,5.5e+07,0,0,2,1920
cyclone,1930,2082,6000,6000,0,12000,7.51467e+08,0,0,4e+07,0,0,3,1930
cyclone,1931,3200,0,0,0,0,1.54805e+08,0,0,7.5e+06,0,0,4,1930
cyclone,1932,3401,4820,0,77500,82320,1.75324e+09,0,0,7.6e+07,0,0,7,1930
cyclone,1933,85,0,0,1000,1000,5.81265e+08,0,0,2.39e+07,0,0,5,1930
cyclone,1934,5569,0,15000,0,15000,1.21749e+09,0,0,5.2e+07,0,0,6,1930
cyclone,1935,62707,500,0,0,500,1.83204e+08,0,0,8e+06,0,0,7,1930
cyclone,1936,3309,0,0,150000,150000,4.73992e+08,0,0,2.1e+07,0,0,5,1930
cyclone,1937,11231,0,0,0,0,0,0,0,0,0,0,3,1930
cyclone,1938,905,0,0,0,0,6.80877e+09,0,0,3.06e+08,0,0,2,1930
cyclone,1939,3,0,0,0,0,0,0,0,0,0,0,2,1930
cyclone,1940,123,0,0,0,0,0,0,0,0,0,0,3,1940
cyclone,1941,5146,120,142,0,262,8.53707e+08,0,0,4e+07,0,0,4,1940
cyclone,1942,101000,0,0,0,0,0,0,0,0,0,0,3,1940
cyclone,1943,5000,0,30000,0,30000,0,0,0,0,0,0,3,1940
cyclone,1944,726,0,0,12000,12000,1.7826e+09,0,0,1e+08,0,0,5,1940
cyclone,1945,4424,1001,1881672,2000,1884673,7.10667e+09,0,0,4.0773e+08,0,0,7,1940
cyclone,1946,337,0,0,0,0,8.045e+06,0,0,500000,0,0,5,1940
cyclone,1947,4738,0,0,0,0,1.40689e+09,0,0,1e+08,0,0,7,1940
cyclone,1948,2942,300,419398,0,419698,2.35303e+08,0,0,1.8e+07,0,0,10,1940
cyclone,1949,2804,0,194046,0,194046,0,0,0,0,0,0,8,1940
cyclone,1950,876,228,642117,0,642345,1.33514e+09,0,0,1.0256e+08,0,0,7,1950
cyclone,1951,3272,2844,193773,0,196617,1.71844e+09,0,0,1.4241e+08,0,0,11,1950
cyclone,1952,2277,1252,1000000,500000,1501252,7.31267e+08,0,0,6.2e+07,0,0,10,1950
cyclone,1953,2044,1288,1487625,269194,1758107,9.03668e+08,0,0,7.7193e+07,0,0,11,1950
cyclone,1954,4762,1000,423004,20961,444965,1.38418e+10,0,0,1.1868e+09,0,0,13,1950
cyclone,1955,3948,5,105000,390200,495205,1.28147e+10,0,0,1.0938e+09,0,0,21,1950
cyclone,1956,6095,16841,12050069,0,12066910,6.92384e+08,0,0,6e+07,0,0,17,1950
cyclone,1957,1139,111,250000,0,250111,1.67499e+09,0,0,1.5e+08,0,0,9,1950
cyclone,1958,2620,0,20000,0,20000,0,0,0,0,0,0,13,1950
cyclone,1959,10083,40616,1519600,933126,2493342,8.91188e+09,0,0,8.2815e+08,0,0,20,1950
cyclone,1960,9170,531,706085,22347,728963,4.83702e+09,0,0,4.56041e+08,0,0,20,1960
cyclone,1961,12590,15,8000,11171,19186,5.04456e+09,0,0,4.807e+08,0,0,16,1960
cyclone,1962,1867,1252,162346,185379,348977,1.61148e+10,4.14795e+08,0,1.554e+09,4e+07,0,15,1960
cyclone,1963,29965,50,6039000,20200,6059250,9.00705e+09,0,0,8.79345e+08,0,0,21,1960
cyclone,1964,10655,2224,2750955,143000,2896179,4.03683e+09,0,0,3.9915e+08,0,0,22,1960
cyclone,1965,59932,601939,10601200,5000200,16203339,1.66201e+10,0,0,1.6694e+09,0,0,19,1960
cyclone,1966,2327,1582,2280764,423500,2705846,2.95847e+09,0,0,3.06122e+08,0,0,27,1960
cyclone,1967,2255,1023,590574,3500,595097,4.24291e+09,0,0,4.512e+08,0,0,25,1960
cyclone,1968,1669,1053,358601,79576,439230,5.54521e+08,0,0,6.1488e+07,0,0,25,1960
cyclone,1969,3252,16135,666266,26943,709344,1.34115e+10,0,0,1.56836e+09,0,0,25,1960
cyclone,1970,304521,6732,5579195,105730,5691657,8.63684e+09,0,0,1.06897e+09,0,0,25,1970
cyclone,1971,10833,604,5051141,2249927,7301672,2.15358e+09,0,0,2.77989e+08,0,0,26,1970
cyclone,1972,1489,908,7666475,40000,7707383,2.0291e+10,0,0,2.70492e+09,0,0,25,1970
cyclone,1973,4382,15372,3589834,1063200,4668406,3.80991e+09,0,0,5.3926e+08,0,0,23,1970
cyclone,1974,12098,1239,1188915,34441,1224595,1.98985e+10,0,0,3.12782e+09,0,0,33,1970
cyclone,1975,1062,683,874711,42678,918072,9.91055e+09,0,0,1.70026e+09,0,0,29,1970
cyclone,1976,1794,1818,4604572,111384,4717774,1.66187e+10,0,0,3.01491e+09,0,0,29,1970
cyclone,1977,15307,11740,9304822,5594450,14911012,6.12727e+09,0,0,1.18386e+09,0,0,30,1970
cyclone,1978,3756,12008,3331124,99172,3442304,8.97348e+09,0,0,1.86608e+09,0,0,38,1970
cyclone,1979,2716,7353,3615079,432631,4055063,1.4234e+10,0,0,3.29319e+09,0,0,32,1970
cyclone,1980,1379,1105,16835140,2065379,18901624,6.83254e+09,0,0,1.79496e+09,0,0,36,1980
cyclone,1981,3790,12919,3474471,59858,3547248,5.9295e+09,0,0,1.71871e+09,0,0,45,1980
cyclone,1982,2784,1996,7765772,681983,8449751,1.46305e+10,0,0,4.50078e+09,0,0,50,1980
cyclone,1983,3591,3892,2802724,686386,3493002,1.71131e+10,0,0,5.4336e+09,0,0,54,1980
cyclone,1984,4945,4545,7082995,1443020,8530560,1.65546e+10,2.29492e+09,0,5.48234e+09,7.6e+08,0,50,1980
cyclone,1985,17168,5920,5254098,780356,6040374,1.70044e+10,2.50183e+09,0,5.83095e+09,8.579e+08,0,49,1980
cyclone,1986,1939,9666,14295547,397633,14702846,1.44256e+10,5.60075e+08,0,5.04056e+09,1.957e+08,0,53,1980
cyclone,1987,2929,4190,4725896,1157401,5887487,1.81379e+10,4.53313e+09,0,6.56994e+09,1.642e+09,0,57,1980
cyclone,1988,3335,9464,18816045,2208421,21033930,6.43614e+09,2.63135e+09,0,2.42638e+09,9.92e+08,0,60,1980
cyclone,1989,4273,18276,49769948,1046171,50834395,2.61983e+10,4.28731e+09,0,1.03533e+10,1.6943e+09,0,71,1980
cyclone,1990,4625,2613,15915268,1351217,17269098,6.29231e+10,3.0758e+10,0,2.62088e+10,1.28114e+10,0,133,1990
cyclone,1991,146297,151142,22117245,1035480,23303867,4.03922e+10,1.95409e+10,0,1.75367e+10,8.4839e+09,0,66,1990
cyclone,1992,1344,21261,18082165,383391,18486817,8.40538e+10,5.31066e+10,0,3.75982e+10,2.37552e+10,0,76,1990
cyclone,1993,3048,11666,14376271,671584,15059521,3.12333e+10,1.14025e+10,0,1.43834e+10,5.251e+09,0,107,1990
cyclone,1994,4242,11109,35089985,1939047,37040141,1.14124e+10,4.40297e+09,0,5.39259e+09,2.0805e+09,0,80,1990
cyclone,1995,3763,7679,12654104,1619837,14281620,5.14573e+10,2.11325e+10,1.33806e+08,2.49968e+10,1.02657e+10,6.5e+07,80,1990
cyclone,1996,4581,42671,27635545,100840,27779056,2.15145e+10,8.3697e+09,2.7999e+07,1.07576e+10,4.185e+09,1.4e+07,76,1990
cyclone,1997,5685,16861,12228355,1905545,14150761,1.47029e+10,4.28468e+09,2.93137e+08,7.52355e+09,2.1925e+09,1.5e+08,80,1990
cyclone,1998,25411,21864,20364730,11171165,31557759,6.34368e+10,1.83864e+10,0,3.29648e+10,9.5545e+09,0,89,1990
cyclone,1999,12293,12447,23791940,1297706,25102093,8.16186e+10,3.55815e+10,4.73146e+09,4.33411e+10,1.88945e+10,2.5125e+09,106,1990
cyclone,2000,1344,4367,14689619,440901,15134887,2.35897e+10,6.76836e+09,0,1.29496e+10,3.7155e+09,0,95,2000
cyclone,2001,1901,92022,31392503,506905,31991430,2.49227e+10,9.56745e+09,0,1.4068e+10,5.4005e+09,0,97,2000
cyclone,2002,1360,3854,110780400,46825,110831079,2.56355e+10,1.16233e+10,0,1.46999e+10,6.665e+09,0,117,2000
cyclone,2003,1036,9869,10922223,493057,11425149,3.64222e+10,1.25577e+10,0,2.13593e+10,7.3643e+09,0,85,2000
cyclone,2004,6547,19503,20423265,993895,21436663,1.3994e+11,6.73378e+10,0,8.42626e+10,4.05465e+10,0,124,2000
cyclone,2005,5238,6726,48704887,412268,49123881,2.96889e+11,1.41801e+11,0,1.84832e+11,8.828e+10,0,130,2000
cyclone,2006,4347,14429,66474823,620483,67109735,2.75562e+10,8.22145e+09,0,1.77087e+10,5.2835e+09,0,76,2000
cyclone,2007,6035,57003,23823518,106209,23986730,4.50943e+10,1.65481e+10,2.76861e+08,2.98065e+10,1.0938e+10,1.83e+08,104,2000
cyclone,2008,140983,23460,15354941,273373,15651774,8.84789e+10,3.76313e+10,0,6.07281e+10,2.58285e+10,0,110,2000
cyclone,2009,3286,10454,50328245,245872,50584571,3.81913e+10,1.40894e+10,0,2.61197e+10,9.636e+09,0,87,2000
cyclone,2010,1545,2685,8181887,774808,8959380,4.08369e+10,1.50691e+10,1.40261e+09,2.83871e+10,1.0475e+10,9.75e+08,93,2010
cyclone,2011,3121,12290,38284290,297752,38594332,7.09437e+10,3.48986e+10,0,5.08721e+10,2.5025e+10,0,85,2010
cyclone,2012,3105,7213,19564571,695397,20267181,1.17208e+11,1.87679e+10,0,8.57866e+10,1.37365e+10,0,91,2010
cyclone,2013,8598,36812,48760306,54882,48852000,7.08318e+10,2.32823e+10,0,5.26024e+10,1.72903e+10,0,108,2010
cyclone,2014,1432,8025,25708052,74621,25790698,5.32939e+10,1.66063e+10,0,4.02201e+10,1.25325e+10,0,99,2010
cyclone,2015,1282,7149,10226900,234269,10468318,4.54652e+10,1.58216e+10,0,3.43525e+10,1.19545e+10,0,120,2010
cyclone,2016,1761,3629,93877234,163179,94044042,6.00842e+10,2.33469e+10,0,4.59712e+10,1.7863e+10,0,87,2010
cyclone,2017,2544,3376,24946216,467554,25417146,3.48843e+11,1.3839e+11,2.55948e+08,2.72589e+11,1.0814e+11,2e+08,130,2010
cyclone,2018,1728,2434,18149259,12000,18163693,9.2139e+10,3.38934e+10,0,7.37345e+10,2.71163e+10,0,99,2010
cyclone,2019,2519,11707,37746256,352330,38110293,7.07201e+10,2.58919e+10,0,5.76371e+10,2.1102e+10,0,95,2010
cyclone,2020,1795,1724,41283907,3811,41289442,1.10032e+11,3.48873e+10,0,9.07829e+10,2.8784e+10,0,133,2020
cyclone,2021,1887,3509,17921778,2545,17927832,1.59291e+11,6.43933e+10,0,1.37598e+11,5.5624e+10,0,118,2020
cyclone,2022,1588,6461,16969784,4550,16980795,1.40484e+11,6.94574e+10,0,1.31064e+11,6.48e+10,0,109,2020
cyclone,2023,15514,9354,24390885,520310,24920549,1.04821e+11,1.53395e+10,7.00468e+08,1.01779e+11,1.49e+10,6.804e+08,140,2020
cyclone,2024,2594,8656,48372390,3472,48384518,1.95631e+11,5.19011e+10,0,1.95631e+11,5.19011e+10,0,149,2020
cyclone,2025,3641,14632,53185139,10175,53209946,0,0,0,6.29533e+10,1.31e+10,6.5e+09,156,2020
