name,state,district,population,households,lat,lon,power_lat,power_lon,area_km2,elevation_m,elevation_median_m,low_lying_pct,elevation_samples,ifi_seasons,ifi_flood_seasons,ifi_deadly_seasons,ifi_first_year
Nicobars,Andaman and Nicobar Islands,Nicobars,36842.0,15958.0,6.9972,93.8109,7.0,93.75,1651,104.9,81.0,0.0,25,57,0,0,1967
North  & Middle Andaman,Andaman and Nicobar Islands,North  & Middle Andaman,105597.0,40185.0,12.1869,92.8111,12.0,92.5,3411,59.4,48.0,23.3,30,57,1,0,1967
South Andaman,Andaman and Nicobar Islands,South Andaman,238142.0,85532.0,10.701,92.4881,10.5,92.5,2427,61.6,53.0,8.3,24,57,1,1,1967
Anantapur,Andhra Pradesh,Anantapur,4081148.0,1244428.0,14.458,77.5101,14.5,77.5,19385,480.2,467.0,0.0,25,57,13,11,1967
Chittoor,Andhra Pradesh,Chittoor,4174064.0,1303870.0,13.337,78.9215,13.5,78.75,15276,456.1,482.0,0.0,27,57,15,13,1967
East Godavari,Andhra Pradesh,East Godavari,5154296.0,1605841.0,17.1682,82.0684,17.0,81.875,10712,185.2,43.0,23.1,26,57,25,20,1967
Guntur,Andhra Pradesh,Guntur,4887813.0,1582990.0,16.2681,80.1893,16.5,80.0,11594,74.6,66.0,16.0,25,57,24,20,1967
Kadapa(YSR),Andhra Pradesh,Kadapa(YSR),2882469.0,884093.0,14.4812,78.6596,14.5,78.75,15104,320.6,245.0,0.0,27,57,17,15,1967
Krishna,Andhra Pradesh,Krishna,4517398.0,1476334.0,16.4252,81.0665,16.5,81.25,8692,43.9,31.0,35.7,28,57,26,20,1967
Kurnool,Andhra Pradesh,Kurnool,4053463.0,1090835.0,15.5558,77.9049,15.5,78.125,17893,350.2,362.0,0.0,25,57,24,20,1967
Prakasam,Andhra Pradesh,Prakasam,3397448.0,1087575.0,15.6569,79.5203,15.5,79.375,17836,181.3,119.0,4.3,23,57,22,19,1967
Sri Potti Sriramulu Nellore,Andhra Pradesh,Sri Potti Sriramulu Nellore,2963557.0,953513.0,14.2949,79.7808,14.5,80.0,13318,70.4,43.5,20.8,24,57,20,16,1967
Srikakulam,Andhra Pradesh,Srikakulam,2703114.0,902436.0,18.6303,83.9748,18.5,83.75,5941,62.1,44.0,8.0,25,57,19,12,1967
Visakhapatnam,Andhra Pradesh,Visakhapatnam,4290589.0,1379340.0,17.9009,82.5664,18.0,82.5,11421,528.2,313.0,0.0,25,57,17,12,1967
Vizianagaram,Andhra Pradesh,Vizianagaram,2344474.0,749514.0,18.4953,83.3118,18.5,83.125,6190,201.4,141.5,0.0,24,57,12,10,1967
West Godavari,Andhra Pradesh,West Godavari,3936966.0,1255628.0,16.9114,81.368,17.0,81.25,7912,74.3,25.0,16.7,24,57,24,23,1967
Anjaw,Arunachal Pradesh,Anjaw,21167.0,6453.0,28.0334,96.8419,28.0,96.875,6047,2856.5,2884.0,0.0,24,57,17,9,1967
Changlang,Arunachal Pradesh,Changlang,148226.0,39920.0,27.2859,96.0724,27.5,96.25,4879,1118.3,1049.0,0.0,25,57,18,8,1967
Dibang Valley,Arunachal Pradesh,Dibang Valley,8004.0,3230.0,28.8689,95.9383,29.0,96.25,9555,2978.5,2867.5,0.0,24,57,21,11,1967
East Kameng,Arunachal Pradesh,East Kameng,78690.0,19718.0,27.5504,92.9798,27.5,93.125,4479,2034.1,1669.0,0.0,24,57,20,10,1967
East Siang,Arunachal Pradesh,East Siang,99214.0,29021.0,28.0211,95.2244,28.0,95.0,2394,425.0,254.0,0.0,27,57,21,11,1967
Kamle,Arunachal Pradesh,Kamle,,,27.7319,94.1234,27.5,94.375,1440,1237.0,1147.0,0.0,25,57,13,5,1967
Kra Daadi,Arunachal Pradesh,Kra Daadi,,,27.9634,93.8254,28.0,93.75,2003,1700.5,1579.0,0.0,26,57,16,9,1967
Kurung Kumey,Arunachal Pradesh,Kurung Kumey,92076.0,19695.0,27.9828,93.1671,28.0,93.125,4584,2435.6,2172.5,0.0,26,57,17,10,1967
Leparada,Arunachal Pradesh,Leparada,,,27.9533,94.7132,28.0,95.0,825,806.1,776.0,0.0,15,57,13,5,1967
Lohit,Arunachal Pradesh,Lohit,145726.0,44971.0,27.9497,96.287,28.0,96.25,2812,1239.4,1321.0,0.0,23,57,26,13,1967
Longding,Arunachal Pradesh,Longding,,,26.8883,95.3052,27.0,95.0,852,824.8,681.0,0.0,17,57,16,8,1967
Lower Dibang Valley,Arunachal Pradesh,Lower Dibang Valley,54080.0,15950.0,28.227,95.8992,28.0,95.625,3591,1201.0,974.0,0.0,21,57,18,9,1967
Lower Siang,Arunachal Pradesh,Lower Siang,,,27.7319,94.595,27.5,94.375,1418,625.2,615.5,0.0,26,57,16,8,1967
Lower Subansiri,Arunachal Pradesh,Lower Subansiri,83030.0,23477.0,27.5647,93.7822,27.5,93.75,1362,1470.9,1553.0,0.0,26,57,19,11,1967
Namsai,Arunachal Pradesh,Namsai,,,27.7039,96.0242,27.5,96.25,1283,231.0,202.0,0.0,24,57,16,8,1967
Pakke Kessang,Arunachal Pradesh,Pakke Kessang,,,27.1503,93.0853,27.0,93.125,2128,764.9,738.0,0.0,25,57,13,5,1967
Papum Pare,Arunachal Pradesh,Papum Pare,176573.0,50488.0,27.2922,93.6133,27.5,93.75,3433,1205.5,1132.0,0.0,24,57,22,13,1967
Shi Yomi,Arunachal Pradesh,Shi Yomi,,,28.676,94.3449,28.5,94.375,3534,2641.2,2645.0,0.0,25,57,16,8,1967
Siang,Arunachal Pradesh,Siang,,,28.2996,95.0187,28.5,95.0,1334,1082.0,1064.5,0.0,26,57,17,10,1967
Tawang,Arunachal Pradesh,Tawang,49977.0,13182.0,27.6541,91.9373,27.5,91.875,2322,3759.0,3891.0,0.0,28,57,24,14,1967
Tirap,Arunachal Pradesh,Tirap,111975.0,24920.0,27.0179,95.5114,27.0,95.625,1204,844.0,680.0,0.0,22,57,16,8,1967
Upper Siang,Arunachal Pradesh,Upper Siang,35320.0,10751.0,28.7381,95.0617,28.5,95.0,6962,2395.2,2412.0,0.0,23,57,19,12,1967
Upper Subansiri,Arunachal Pradesh,Upper Subansiri,83448.0,19214.0,28.2374,94.1109,28.0,94.375,6262,2310.7,1965.5,0.0,24,57,21,8,1967
West Kameng,Arunachal Pradesh,West Kameng,83947.0,24195.0,27.3211,92.4504,27.5,92.5,5102,2193.2,2055.5,0.0,24,57,25,14,1967
West Siang,Arunachal Pradesh,West Siang,112274.0,30775.0,28.2781,94.6613,28.5,94.375,2261,1090.1,889.0,0.0,25,57,18,11,1967
Baksa,Assam,Baksa,950075.0,295221.0,26.6392,91.4543,26.5,91.25,2404,78.6,67.0,0.0,27,57,22,17,1967
Barpeta,Assam,Barpeta,1693622.0,499381.0,26.3548,91.0354,26.5,91.25,2358,41.8,42.5,0.0,24,57,42,36,1967
Biswanath,Assam,Biswanath,,,26.7991,93.427,27.0,93.125,1800,85.0,81.0,0.0,25,57,24,18,1967
Bongaigaon,Assam,Bongaigaon,738804.0,220393.0,26.3676,90.6407,26.5,90.625,1101,62.9,48.0,0.0,22,57,35,25,1967
Cachar,Assam,Cachar,1736617.0,435160.0,24.759,92.8818,25.0,93.125,3817,102.5,46.0,0.0,25,57,42,35,1967
Charaideo,Assam,Charaideo,,,27.0589,95.0542,27.0,95.0,1054,109.9,107.5,0.0,20,57,23,18,1967
Chirang,Assam,Chirang,482162.0,140631.0,26.6539,90.6284,26.5,90.625,1590,123.1,99.5,0.0,26,57,24,19,1967
Darrang,Assam,Darrang,928500.0,288706.0,26.4337,92.014,26.5,91.875,1648,60.2,58.0,0.0,24,57,46,37,1967
Dhemaji,Assam,Dhemaji,686133.0,228262.0,27.544,94.5545,27.5,94.375,2648,139.1,106.5,0.0,24,57,40,35,1967
Dhubri,Assam,Dhubri,1949258.0,521019.0,26.1604,90.0885,26.0,90.0,1795,40.6,34.0,0.0,25,57,43,35,1967
Dibrugarh,Assam,Dibrugarh,1326335.0,377015.0,27.3736,95.0452,27.5,95.0,3356,111.6,108.0,0.0,28,57,45,38,1967
Dima Hasao,Assam,Dima Hasao,214102.0,58919.0,25.3937,93.0825,25.5,93.125,4925,562.2,513.0,0.0,25,57,18,15,1967
Goalpara,Assam,Goalpara,1008183.0,268114.0,26.0631,90.5322,26.0,90.625,1980,60.4,43.0,0.0,25,57,45,40,1967
Golaghat,Assam,Golaghat,1066888.0,327083.0,26.2958,93.9928,26.5,93.75,3205,101.7,95.5,0.0,24,57,33,27,1967
Hailakandi,Assam,Hailakandi,659296.0,175417.0,24.5067,92.6304,24.5,92.5,1296,72.2,53.5,0.0,24,57,28,25,1967
Hojai,Assam,Hojai,,,25.9612,92.9834,26.0,93.125,1460,127.6,85.5,0.0,24,57,21,17,1967
Jorhat,Assam,Jorhat,1092256.0,367154.0,26.6531,94.2727,26.5,94.375,1904,108.2,98.0,0.0,23,57,43,33,1967
Kamrup,Assam,Kamrup,1517542.0,434445.0,26.1487,91.2346,26.0,91.25,2947,97.2,55.5,0.0,24,57,46,41,1967
Kamrup Metropolitan,Assam,Kamrup Metropolitan,1253938.0,428192.0,26.0733,92.02,26.0,91.875,1135,179.5,83.0,0.0,20,57,27,20,1967
Karbi Anglong East,Assam,Karbi Anglong East,,,26.0619,93.4556,26.0,93.75,7326,369.7,216.0,0.0,25,57,30,25,1967
Karbi Anglong West,Assam,Karbi Anglong West,,,25.8512,92.5924,26.0,92.5,3114,475.0,476.0,0.0,25,57,30,25,1967
Karimganj,Assam,Karimganj,1228686.0,294640.0,24.584,92.3729,24.5,92.5,1856,49.9,35.0,0.0,29,57,36,32,1967
Kokrajhar,Assam,Kokrajhar,887142.0,222011.0,26.5258,90.1383,26.5,90.0,3099,98.3,60.0,0.0,27,57,32,25,1967
Lakhimpur,Assam,Lakhimpur,1042137.0,327933.0,27.151,94.1648,27.0,94.375,2869,102.2,91.0,0.0,25,57,52,43,1967
Majuli,Assam,Majuli,,,26.9731,94.2822,27.0,94.375,1253,85.0,85.0,0.0,23,57,25,20,1967
Morigaon,Assam,Morigaon,957423.0,257481.0,26.2718,92.2844,26.5,92.5,1512,78.7,58.0,0.0,25,57,30,25,1967
Nagaon,Assam,Nagaon,2823768.0,799185.0,26.3315,92.7456,26.5,92.5,2518,70.0,66.0,0.0,24,57,44,37,1967
Nalbari,Assam,Nalbari,771639.0,238944.0,26.3631,91.3967,26.5,91.25,1057,50.0,49.0,0.0,22,57,36,32,1967
Sivasagar,Assam,Sivasagar,1151050.0,405229.0,26.9771,94.6047,27.0,94.375,1530,99.6,96.0,0.0,25,57,46,35,1967
Sonitpur,Assam,Sonitpur,1924110.0,547853.0,26.7661,92.7119,27.0,92.5,3490,90.9,75.5,0.0,26,57,44,37,1967
South Salmara-Mankachar,Assam,South Salmara-Mankachar,,,25.7756,89.8994,26.0,90.0,721,30.1,29.0,0.0,13,57,28,23,1967
Tinsukia,Assam,Tinsukia,1327929.0,381614.0,27.598,95.5603,27.5,95.625,3913,154.1,139.0,0.0,27,57,32,26,1967
Udalguri,Assam,Udalguri,831668.0,281625.0,26.703,92.0389,26.5,91.875,2061,115.8,96.0,0.0,25,57,25,19,1967
Araria,Bihar,Araria,2811569.0,703274.0,26.231,87.3783,26.0,87.5,2785,56.2,56.0,0.0,24,57,25,19,1967
Arwal,Bihar,Arwal,700843.0,144294.0,25.1943,84.6871,25.0,84.375,614,75.8,75.5,0.0,12,57,21,15,1967
Aurangabad,Bihar,Aurangabad (Bihar),2540073.0,477297.0,24.8123,84.4269,25.0,84.375,3493,121.2,115.0,0.0,27,57,23,17,1967
Banka,Bihar,Banka,2034763.0,444096.0,24.8326,86.8172,25.0,86.875,3101,135.7,127.5,0.0,24,57,23,17,1967
Begusarai,Bihar,Begusarai,2970541.0,733625.0,25.5021,86.071,25.5,86.25,2081,44.3,44.0,0.0,22,57,31,25,1967
Bhagalpur,Bihar,Bhagalpur,3037766.0,653161.0,25.2793,87.124,25.5,86.875,2595,35.7,36.0,0.0,21,57,34,25,1967
Bhojpur,Bihar,Bhojpur,2728407.0,511927.0,25.456,84.5613,25.5,84.375,2624,65.6,63.5,0.0,24,57,31,25,1967
Buxar,Bihar,Buxar,1706352.0,334657.0,25.4925,84.096,25.5,84.375,1576,69.7,70.0,0.0,27,57,23,17,1967
Darbhanga,Bihar,Darbhanga,3937385.0,1002713.0,26.0833,86.0262,26.0,86.25,2483,49.4,49.5,0.0,26,57,40,31,1967
Gaya,Bihar,Gaya,4391418.0,807571.0,24.6903,85.0144,24.5,85.0,5022,146.5,129.0,0.0,28,57,24,18,1967
Gopalganj,Bihar,Gopalganj,2562012.0,554058.0,26.4093,84.3615,26.5,84.375,2021,71.0,72.0,0.0,25,57,34,26,1967
Jamui,Bihar,Jamui,1760405.0,356760.0,24.7527,86.2693,25.0,86.25,3046,184.1,158.5,0.0,24,57,20,14,1967
Jehanabad,Bihar,Jehanabad,1125313.0,214792.0,25.1559,85.0266,25.0,85.0,848,72.6,71.5,0.0,16,57,21,15,1967
Kaimur (Bhabua),Bihar,Kaimur (Bhabua),1626384.0,340442.0,24.9735,83.5779,25.0,83.75,3318,190.0,88.0,0.0,27,57,21,15,1967
Katihar,Bihar,Katihar,3071029.0,738070.0,25.5558,87.6487,25.5,87.5,3053,33.6,34.0,0.0,23,57,41,30,1967
Khagaria,Bihar,Khagaria,1666886.0,394703.0,25.487,86.68,25.5,86.875,1507,39.0,40.0,0.0,26,57,35,30,1967
Kishanganj,Bihar,Kishanganj,1690400.0,445150.0,26.2514,87.9078,26.5,88.125,1968,61.0,60.5,0.0,24,57,29,23,1967
Lakhisarai,Bihar,Lakhisarai,1000912.0,207645.0,25.1445,86.1569,25.0,86.25,1170,79.0,51.0,0.0,22,57,23,18,1967
Madhepura,Bihar,Madhepura,2001762.0,510278.0,25.7701,86.9323,26.0,86.875,2083,46.0,48.0,0.0,23,57,29,23,1967
Madhubani,Bihar,Madhubani,4487379.0,1088786.0,26.3479,86.2292,26.5,86.25,3515,61.8,61.0,0.0,26,57,37,29,1967
Munger,Bihar,Munger,1367765.0,308063.0,25.212,86.5196,25.0,86.25,1452,84.3,48.0,0.0,25,57,31,23,1967
Muzaffarpur,Bihar,Muzaffarpur,4801062.0,1119394.0,26.1573,85.3158,26.0,85.625,3146,57.0,58.0,0.0,25,57,37,30,1967
Nalanda,Bihar,Nalanda,2877653.0,616663.0,25.2094,85.4498,25.0,85.625,2130,56.3,56.0,0.0,27,57,29,21,1967
Nawada,Bihar,Nawada,2219146.0,424874.0,24.834,85.6523,25.0,85.625,2504,129.8,106.0,0.0,25,57,25,20,1967
Pashchim Champaran,Bihar,Pashchim Champaran,3935042.0,936134.0,27.0427,84.3503,27.0,84.375,5227,112.8,88.0,0.0,24,57,39,31,1967
Patna,Bihar,Patna,5838465.0,1210094.0,25.4829,85.1832,25.5,85.0,3325,55.0,56.0,0.0,27,57,37,32,1967
Purba Champaran,Bihar,Purba Champaran,5099371.0,1243825.0,26.6217,84.8976,26.5,85.0,4218,69.9,70.0,0.0,23,57,39,28,1967
Purnia,Bihar,Purnia,3264619.0,798596.0,25.7876,87.4186,26.0,87.5,3178,41.7,42.0,0.0,27,57,31,22,1967
Rohtas,Bihar,Rohtas,2959918.0,608061.0,24.9399,84.0201,25.0,83.75,3904,142.0,100.0,0.0,23,57,22,16,1967
Saharsa,Bihar,Saharsa,1900661.0,470697.0,25.8261,86.6098,26.0,86.875,1598,43.4,44.0,0.0,28,57,37,29,1967
Samastipur,Bihar,Samastipur,4261566.0,1056465.0,25.7703,85.863,26.0,85.625,2711,47.0,47.5,0.0,26,57,34,29,1967
Saran,Bihar,Saran,3951862.0,777622.0,25.9144,84.7786,26.0,85.0,2575,56.5,56.0,0.0,25,57,35,27,1967
Sheikhpura,Bihar,Sheikhpura,636342.0,132638.0,25.1159,85.8635,25.0,85.625,523,53.7,54.0,0.0,10,57,21,15,1967
Sheohar,Bihar,Sheohar,656246.0,166000.0,26.4846,85.2775,26.5,85.0,463,65.1,65.0,0.0,8,57,26,20,1967
Sitamarhi,Bihar,Sitamarhi,3423574.0,856964.0,26.5748,85.599,26.5,85.625,2125,67.2,66.5,0.0,24,57,36,29,1967
Siwan,Bihar,Siwan,3330464.0,674372.0,26.1255,84.3662,26.0,84.375,1961,64.8,65.0,0.0,24,57,28,20,1967
Supaul,Bihar,Supaul,2229076.0,600102.0,26.2892,86.7985,26.5,86.875,2433,61.6,60.0,0.0,23,57,28,22,1967
Vaishali,Bihar,Vaishali,3495021.0,750811.0,25.7639,85.3914,26.0,85.625,2057,52.4,52.0,0.0,25,57,30,23,1967
Chandigarh,Chandigarh,Chandigarh,1055450.0,298367.0,30.7257,76.7883,30.5,76.875,115,332.0,332.0,0.0,2,57,15,8,1967
Balod,Chhattisgarh,Balod,,,20.7292,81.1472,20.5,81.25,3433,349.8,335.0,0.0,25,57,1,0,1967
Baloda Bazar,Chhattisgarh,Baloda Bazar,,,21.5279,82.3752,21.5,82.5,3990,290.2,270.5,0.0,24,57,1,0,1967
Balrampur,Chhattisgarh,Balrampur (Chhattisgarh),,,23.6282,83.4832,23.5,83.75,7714,588.4,547.0,0.0,27,57,3,2,1967
Bastar,Chhattisgarh,Bastar,1413199.0,371319.0,19.1207,81.829,19.0,81.875,5229,602.2,579.0,0.0,25,57,10,6,1967
Bemetra,Chhattisgarh,Bemetra,,,21.6778,81.4328,21.5,81.25,2630,277.0,274.5,0.0,26,57,2,1,1967
Bijapur,Chhattisgarh,Bijapur (Chhattisgarh),255230.0,58391.0,18.7742,80.7454,19.0,80.625,9192,264.2,260.0,0.0,23,57,2,0,1967
Bilaspur,Chhattisgarh,Bilaspur (Chhattisgarh),2663629.0,737806.0,22.1748,82.0938,22.0,81.875,4269,345.8,287.0,0.0,25,57,9,7,1967
Dakshin Bastar Dantewada,Chhattisgarh,Dakshin Bastar Dantewada,533638.0,137849.0,18.8206,81.4046,19.0,81.25,2879,495.9,450.0,0.0,23,57,2,1,1967
Dhamtari,Chhattisgarh,Dhamtari,799781.0,210481.0,20.541,81.7167,20.5,81.875,4073,393.1,379.0,0.0,25,57,3,3,1967
Durg,Chhattisgarh,Durg,3343872.0,883189.0,21.1817,81.4117,21.0,81.25,2286,292.3,291.0,0.0,27,57,10,6,1967
Gariaband,Chhattisgarh,Gariaband,,,20.4419,82.2469,20.5,82.5,4895,395.8,373.0,0.0,27,57,0,0,1967
Gaurella Pendra Marwahi,Chhattisgarh,Gaurella Pendra Marwahi,,,22.8305,81.9619,23.0,81.875,1992,586.6,583.0,0.0,23,57,0,0,1967
Janjgir-Champa,Chhattisgarh,Janjgir-Champa,1619707.0,440773.0,21.9449,82.7032,22.0,82.5,4549,245.8,246.0,0.0,27,57,5,4,1967
Jashpur,Chhattisgarh,Jashpur,851669.0,226392.0,22.7705,83.9746,23.0,83.75,5832,641.3,586.5,0.0,26,57,1,1,1967
Kabeerdham,Chhattisgarh,Kabeerdham,822526.0,211179.0,22.1131,81.2499,22.0,81.25,4247,489.7,418.0,0.0,27,57,2,0,1967
Kondagaon,Chhattisgarh,Kondagaon,,,19.7117,81.756,19.5,81.875,5204,611.0,626.0,0.0,27,57,0,0,1967
Korba,Chhattisgarh,Korba,1206640.0,332653.0,22.52,82.6364,22.5,82.5,6635,413.4,385.0,0.0,25,57,3,1,1967
Koriya,Chhattisgarh,Koriya,658917.0,181615.0,23.4311,82.3201,23.5,82.5,6649,596.2,579.5,0.0,28,57,1,1,1967
Mahasamund,Chhattisgarh,Mahasamund,1032754.0,310567.0,21.1842,82.6156,21.0,82.5,4676,301.4,310.5,0.0,24,57,4,4,1967
Mungeli,Chhattisgarh,Mungeli,,,22.1977,81.6305,22.0,81.875,2561,344.4,306.5,0.0,24,57,2,2,1967
Narayanpur,Chhattisgarh,Narayanpur,139820.0,33095.0,19.5835,81.1084,19.5,81.25,3849,616.8,612.0,0.0,25,57,2,2,1967
Raigarh,Chhattisgarh,Raigarh (Chhattisgarh),1493984.0,420916.0,22.0666,83.3091,22.0,83.125,7053,348.7,312.5,0.0,24,57,11,9,1967
Raipur,Chhattisgarh,Raipur,4063872.0,1068500.0,21.284,81.82,21.5,81.875,2890,285.6,286.0,0.0,25,57,18,12,1967
Rajnandgaon,Chhattisgarh,Rajnandgaon,1537133.0,390132.0,20.9723,80.6975,21.0,80.625,8101,367.5,356.0,0.0,27,57,11,10,1967
Sukma,Chhattisgarh,Sukma,,,18.2813,81.326,18.5,81.25,5685,228.8,199.5,0.0,26,57,1,0,1967
Surajpur,Chhattisgarh,Surajpur,,,23.4252,83.0161,23.5,83.125,3167,540.8,545.0,0.0,23,57,0,0,1967
Surguja,Chhattisgarh,Surguja,2359886.0,590763.0,22.9432,83.0491,23.0,83.125,4908,636.5,602.0,0.0,24,57,5,3,1967
Uttar Bastar Kanker,Chhattisgarh,Uttar Bastar Kanker,748941.0,194069.0,20.1181,80.9796,20.0,81.25,7245,423.2,383.5,0.0,26,57,4,2,1967
Dadra & Nagar Haveli,Dadra and Nagar Haveli and Daman and Diu,Dadra & Nagar Haveli,343709.0,108783.0,20.2071,73.0093,20.0,73.125,489,101.8,89.5,0.0,8,57,2,2,1967
Daman,Dadra and Nagar Haveli and Daman and Diu,Daman,191173.0,71079.0,20.4024,72.8656,20.5,73.125,93,14.0,14.0,0.0,2,57,0,0,1967
Diu,Dadra and Nagar Haveli and Daman and Diu,Diu,52074.0,18850.0,20.7237,70.9313,20.5,70.625,50,0.5,0.5,100.0,2,57,0,0,1967
Central,Delhi,Central,582320.0,194897.0,28.7,77.22,28.5,77.5,76,221.0,221.0,0.0,2,57,9,8,1967
East,Delhi,East,1709346.0,462218.0,28.6268,77.294,28.5,77.5,66,203.0,203.0,0.0,1,57,15,13,1967
New Delhi,Delhi,New Delhi,142004.0,52664.0,28.5672,77.1265,28.5,76.875,172,247.7,246.0,0.0,3,57,26,19,1967
North,Delhi,North,887978.0,301071.0,28.7825,77.0978,29.0,76.875,290,216.7,214.0,0.0,7,57,11,10,1967
North East,Delhi,North East,2241624.0,487581.0,28.7296,77.2594,28.5,77.5,39,222.0,222.0,0.0,1,57,9,7,1967
North West,Delhi,North West,3656539.0,1026867.0,28.7415,77.0219,28.5,76.875,159,215.2,215.5,0.0,4,57,9,8,1967
Shahdara,Delhi,Shahdara,,,28.6884,77.2959,28.5,77.5,27,209.0,209.0,0.0,1,57,8,7,1967
South,Delhi,South,2731929.0,731063.0,28.4815,77.1857,28.5,76.875,152,259.7,253.0,0.0,3,57,8,7,1967
South East,Delhi,South East,,,28.5463,77.273,28.5,77.5,106,216.0,216.0,0.0,1,57,8,7,1967
South West,Delhi,South West,2292958.0,647682.0,28.5836,76.9587,28.5,76.875,270,217.2,216.0,0.0,5,57,9,8,1967
West,Delhi,West,2543243.0,701512.0,28.6498,77.0662,28.5,76.875,134,216.5,216.5,0.0,2,57,9,7,1967
North Goa,Goa,North Goa,818008.0,325089.0,15.537,74.0182,15.5,73.75,1724,86.3,61.0,14.8,27,57,10,6,1967
South Goa,Goa,South Goa,640537.0,251493.0,15.1911,74.1253,15.0,74.375,1942,97.5,84.0,4.2,24,57,7,3,1967
Ahmadabad,Gujarat,Ahmadabad,7214225.0,2198552.0,22.7274,72.3103,22.5,72.5,7291,23.4,22.0,26.1,23,57,34,30,1967
Amreli,Gujarat,Amreli,1514190.0,430613.0,21.423,71.2791,21.5,71.25,7395,165.8,144.0,3.8,26,57,27,25,1967
Anand,Gujarat,Anand,2092745.0,621987.0,22.4906,72.761,22.5,72.5,2822,24.6,26.0,21.4,28,57,11,11,1967
Aravali,Gujarat,Aravali,,,23.4873,73.4002,23.5,73.125,3279,177.0,152.0,0.0,25,57,11,11,1967
Banas Kantha,Gujarat,Banas Kantha,3120506.0,804197.0,24.2668,72.1715,24.5,71.875,10700,138.8,112.5,4.2,24,57,17,17,1967
Batod,Gujarat,Batod,,,22.046,71.6756,22.0,71.875,2642,68.5,72.0,11.5,26,57,17,15,1967
Bharuch,Gujarat,Bharuch,1551019.0,481996.0,21.812,72.9488,22.0,73.125,5343,29.4,12.0,36.0,25,57,31,27,1967
Bhavnagar,Gujarat,Bhavnagar,2880365.0,744077.0,21.5694,71.9106,21.5,71.875,6789,57.4,60.5,16.7,24,57,26,23,1967
Chhota Udaipur,Gujarat,Chhota Udaipur,,,22.22,73.7802,22.0,73.75,3482,155.7,143.0,0.0,24,57,9,9,1967
Devbhumi Dwarka,Gujarat,Devbhumi Dwarka,,,22.1367,69.4289,22.0,69.375,4329,42.8,27.0,17.2,29,57,19,16,1967
Dohad,Gujarat,Dohad,2127086.0,376504.0,22.9193,74.1379,23.0,74.375,3655,276.1,273.0,0.0,26,57,10,10,1967
Gandhinagar,Gujarat,Gandhinagar,1391753.0,433258.0,23.2803,72.6673,23.5,72.5,2132,81.7,79.5,0.0,26,57,15,14,1967
Gir Somnath,Gujarat,Gir Somnath,,,20.9905,70.6881,21.0,70.625,3790,90.5,54.0,12.0,25,57,21,18,1967
Jamnagar,Gujarat,Jamnagar,2160119.0,646325.0,22.3172,70.1054,22.5,70.0,6399,71.7,65.0,12.0,25,57,23,21,1967
Junagadh,Gujarat,Junagadh,2743082.0,776743.0,21.34,70.4209,21.5,70.625,5087,96.4,85.0,3.8,26,57,32,29,1967
Kachchh,Gujarat,Kachchh,2092371.0,739275.0,23.7103,69.8224,23.5,70.0,42807,21.9,4.5,61.5,26,57,18,18,1967
Kheda,Gujarat,Kheda,2299885.0,622026.0,22.8527,72.9988,23.0,73.125,3412,51.3,50.5,0.0,26,57,17,17,1967
Mahesana,Gujarat,Mahesana,2035064.0,659743.0,23.567,72.3624,23.5,72.5,4410,115.0,102.5,0.0,24,57,16,16,1967
Mahisagar,Gujarat,Mahisagar,,,23.1907,73.6578,23.0,73.75,2514,130.4,123.5,0.0,26,57,10,10,1967
Morbi,Gujarat,Morbi,,,22.7977,70.8885,23.0,70.625,4857,63.3,58.0,8.3,24,57,18,16,1967
Narmada,Gujarat,Narmada,590297.0,160369.0,21.7372,73.6279,21.5,73.75,2830,174.5,138.0,0.0,27,57,15,14,1967
Navsari,Gujarat,Navsari,1329672.0,409156.0,20.826,73.0348,21.0,73.125,2209,59.6,39.0,20.0,25,57,18,18,1967
Panch Mahals,Gujarat,Panch Mahals,2390776.0,567601.0,22.6972,73.6096,22.5,73.75,3337,134.8,125.5,0.0,22,57,19,17,1967
Patan,Gujarat,Patan,1343734.0,404138.0,23.7711,71.7859,24.0,71.875,5614,43.4,29.5,0.0,24,57,13,13,1967
Porbandar,Gujarat,Porbandar,585449.0,183572.0,21.6047,69.8529,21.5,70.0,2307,32.5,16.0,40.0,25,57,19,16,1967
Rajkot,Gujarat,Rajkot,3804558.0,1181006.0,22.064,71.0272,22.0,71.25,7670,135.0,136.0,0.0,26,57,27,25,1967
Sabar Kantha,Gujarat,Sabar Kantha,2428589.0,665533.0,23.8659,73.0134,24.0,73.125,4177,210.0,195.0,0.0,22,57,20,20,1967
Surat,Gujarat,Surat,6081322.0,1899838.0,21.1889,72.9508,21.0,73.125,4369,46.3,28.5,20.8,24,57,27,24,1967
Surendranagar,Gujarat,Surendranagar,1756268.0,500598.0,22.8277,71.6102,23.0,71.875,9243,72.4,52.0,7.7,26,57,26,23,1967
Tapi,Gujarat,Tapi,807022.0,218489.0,21.1894,73.5567,21.0,73.75,3230,123.4,108.0,0.0,27,57,14,14,1967
The Dangs,Gujarat,The Dangs,228291.0,59618.0,20.7789,73.7125,21.0,73.75,1734,381.0,376.0,0.0,27,57,18,18,1967
Vadodara,Gujarat,Vadodara,4165626.0,1240425.0,22.3161,73.3055,22.5,73.125,4180,40.1,35.0,4.2,24,57,26,23,1967
Valsad,Gujarat,Valsad,1705678.0,498391.0,20.4343,73.1653,20.5,73.125,2952,129.7,80.5,3.8,26,57,27,26,1967
Ambala,Haryana,Ambala,1128350.0,315256.0,30.3432,76.9563,30.5,76.875,1464,283.1,278.0,0.0,31,57,22,15,1967
Bhiwani,Haryana,Bhiwani,1634445.0,456282.0,28.732,75.9673,28.5,76.25,4650,232.4,225.0,0.0,26,57,12,5,1967
Faridabad,Haryana,Faridabad,1809733.0,470681.0,28.3551,77.3268,28.5,77.5,744,207.3,201.0,0.0,15,57,14,8,1967
Fatehabad,Haryana,Fatehabad,942011.0,258380.0,29.5348,75.5755,29.5,75.625,2428,217.2,217.5,0.0,26,57,12,4,1967
Gurgaon,Haryana,Gurgaon,1514432.0,523691.0,28.3733,76.9435,28.5,76.875,1245,229.7,230.0,0.0,21,57,12,6,1967
Hisar,Haryana,Hisar,1743931.0,456126.0,29.239,75.8189,29.0,75.625,4186,214.9,215.5,0.0,24,57,14,9,1967
Jhajjar,Haryana,Jhajjar,958405.0,290144.0,28.6103,76.6702,28.5,76.875,1914,217.0,216.5,0.0,24,57,9,4,1967
Jind,Haryana,Jind,1334152.0,368000.0,29.4517,76.3751,29.5,76.25,2773,228.2,228.0,0.0,24,57,18,10,1967
Kaithal,Haryana,Kaithal,1074304.0,306787.0,29.8572,76.4698,30.0,76.25,2291,237.9,238.0,0.0,25,57,9,4,1967
Karnal,Haryana,Karnal,1505324.0,428602.0,29.7159,76.9074,29.5,76.875,2497,245.5,245.0,0.0,26,57,17,10,1967
Kurukshetra,Haryana,Kurukshetra,964655.0,291821.0,30.0604,76.7646,30.0,76.875,1671,254.9,255.5,0.0,26,57,15,7,1967
Mahendragarh,Haryana,Mahendragarh,922088.0,267942.0,28.1326,76.1708,28.0,76.25,1949,292.8,286.5,0.0,26,57,8,3,1967
Mewat,Haryana,Mewat,1089263.0,223635.0,27.9879,77.0498,28.0,76.875,1545,216.1,195.0,0.0,26,57,8,3,1967
Palwal,Haryana,Palwal,1042708.0,249159.0,28.0619,77.3239,28.0,77.5,1350,192.7,193.0,0.0,27,57,8,3,1967
Panchkula,Haryana,Panchkula,561293.0,164551.0,30.6886,76.9949,30.5,76.875,918,451.5,429.5,0.0,16,57,17,8,1967
Panipat,Haryana,Panipat,1205437.0,327306.0,29.3368,76.9037,29.5,76.875,1264,232.4,232.5,0.0,24,57,14,6,1967
Rewari,Haryana,Rewari,900332.0,268754.0,28.2149,76.5803,28.0,76.875,1535,250.4,248.0,0.0,24,57,11,5,1967
Rohtak,Haryana,Rohtak,1061204.0,306942.0,28.8868,76.5563,29.0,76.25,1755,220.8,220.0,0.0,25,57,12,5,1967
Sirsa,Haryana,Sirsa,1295189.0,338792.0,29.6106,74.9018,29.5,75.0,4272,199.4,200.0,0.0,27,57,16,9,1967
Sonipat,Haryana,Sonipat,1450001.0,417434.0,29.0509,76.938,29.0,76.875,2110,224.4,224.0,0.0,24,57,17,10,1967
Yamunanagar,Haryana,Yamunanagar,1214205.0,357723.0,30.2152,77.3263,30.0,77.5,1728,310.3,291.0,0.0,27,57,18,9,1967
Bilaspur,Himachal Pradesh,Bilaspur (Himachal Pradesh),381956.0,164445.0,31.4011,76.6418,31.5,76.875,1172,743.9,744.5,0.0,24,57,29,21,1967
Chamba,Himachal Pradesh,Chamba,519080.0,200231.0,32.6947,76.1702,32.5,76.25,6508,2950.3,3014.0,0.0,23,57,33,28,1967
Hamirpur,Himachal Pradesh,Hamirpur (Himachal Pradesh),454768.0,211348.0,31.6545,76.5402,31.5,76.25,1127,755.5,758.0,0.0,24,57,34,26,1967
Kangra,Himachal Pradesh,Kangra,1510075.0,627328.0,32.0787,76.2707,32.0,76.25,5728,1516.2,759.0,0.0,27,57,39,31,1967
Kinnaur,Himachal Pradesh,Kinnaur,84121.0,44514.0,31.5873,78.3323,31.5,78.125,6503,4367.5,4316.0,0.0,23,57,31,25,1967
Kullu,Himachal Pradesh,Kullu,437903.0,188704.0,31.8802,77.4543,32.0,77.5,5529,3137.8,2744.0,0.0,25,57,37,31,1967
Lahul & Spiti,Himachal Pradesh,Lahul & Spiti,31564.0,17434.0,32.4988,77.5848,32.5,77.5,13866,4778.2,4940.5,0.0,26,57,25,20,1967
Mandi,Himachal Pradesh,Mandi,999777.0,462825.0,31.6417,77.0109,31.5,76.875,3965,1605.3,1549.5,0.0,28,57,32,26,1967
Shimla,Himachal Pradesh,Shimla,814010.0,375165.0,31.2367,77.7165,31.0,77.5,5181,2255.9,2151.5,0.0,24,57,39,32,1967
Sirmaur,Himachal Pradesh,Sirmaur,529855.0,192156.0,30.7012,77.449,30.5,77.5,2844,1236.9,1180.0,0.0,25,57,30,23,1967
Solan,Himachal Pradesh,Solan,580320.0,244296.0,31.0595,76.8527,31.0,76.875,1943,977.9,1050.5,0.0,26,57,29,24,1967
Una,Himachal Pradesh,Una,521173.0,205217.0,31.5804,76.2397,31.5,76.25,1546,541.7,536.0,0.0,26,57,28,21,1967
Anantnag,Jammu and Kashmir,Anantnag,1078692.0,277733.0,33.7969,75.2821,34.0,75.0,2752,2930.7,2558.0,0.0,23,57,22,17,1967
Badgam,Jammu and Kashmir,Badgam,753745.0,187839.0,33.8617,74.6734,34.0,74.375,1134,2336.5,2018.0,0.0,21,57,16,13,1967
Bandipore,Jammu and Kashmir,Bandipore,392232.0,98076.0,34.4468,74.9025,34.5,75.0,2990,3036.0,3066.0,0.0,22,57,14,9,1967
Baramula,Jammu and Kashmir,Baramula,1008039.0,259475.0,34.1141,74.3237,34.0,74.375,1962,2166.9,1801.0,0.0,27,57,22,14,1967
Doda,Jammu and Kashmir,Doda,409936.0,133617.0,33.135,75.6176,33.0,75.625,2364,2304.7,2183.0,0.0,25,57,22,20,1967
Ganderbal,Jammu and Kashmir,Ganderbal,297446.0,77346.0,34.2716,75.0695,34.5,75.0,1451,2948.1,3022.0,0.0,24,57,15,11,1967
Jammu,Jammu and Kashmir,Jammu,1529958.0,502609.0,32.7584,74.7772,33.0,75.0,2104,354.6,312.0,0.0,25,57,27,21,1967
Kathua,Jammu and Kashmir,Kathua,616435.0,214847.0,32.5886,75.6205,32.5,75.625,2723,1055.6,656.0,0.0,23,57,16,15,1967
Kishtwar,Jammu and Kashmir,Kishtwar,230696.0,78371.0,33.6195,75.8859,33.5,75.625,7927,3566.1,3670.0,0.0,26,57,16,14,1967
Kulgam,Jammu and Kashmir,Kulgam,424483.0,121130.0,33.6231,74.6858,33.5,74.375,1203,2927.3,3167.0,0.0,26,57,13,9,1967
Kupwara,Jammu and Kashmir,Kupwara,870354.0,181664.0,34.4885,74.1935,34.5,74.375,2841,2421.9,2219.0,0.0,25,57,15,12,1967
Pulwama,Jammu and Kashmir,Pulwama,560440.0,169223.0,33.9131,75.0557,34.0,75.0,830,1998.3,1705.5,0.0,18,57,21,19,1967
Punch,Jammu and Kashmir,Punch,476835.0,147408.0,33.6587,74.2775,33.5,74.375,1993,2356.3,2133.0,0.0,25,57,24,20,1967
Rajouri,Jammu and Kashmir,Rajouri,642415.0,213578.0,33.2386,74.3322,33.0,74.375,2507,1151.4,969.5,0.0,26,57,20,18,1967
Ramban,Jammu and Kashmir,Ramban,283713.0,89622.0,33.3189,75.2481,33.5,75.0,1023,2163.3,2000.0,0.0,19,57,18,14,1967
Reasi,Jammu and Kashmir,Reasi,314667.0,107833.0,33.2012,74.9066,33.0,75.0,2100,1574.8,1559.0,0.0,25,57,15,13,1967
Samba,Jammu and Kashmir,Samba,318898.0,114236.0,32.6259,75.0908,32.5,75.0,835,392.8,382.0,0.0,18,57,11,10,1967
Shupiyan,Jammu and Kashmir,Shupiyan,266215.0,80888.0,33.7009,74.8118,33.5,75.0,454,2255.3,2095.0,0.0,9,57,12,10,1967
Srinagar,Jammu and Kashmir,Srinagar,1236829.0,262239.0,34.0815,74.9333,34.0,75.0,514,2012.0,1845.0,0.0,11,57,20,12,1967
Udhampur,Jammu and Kashmir,Udhampur,554985.0,183360.0,32.9139,75.3139,33.0,75.625,2367,1546.4,1557.0,0.0,26,57,20,18,1967
Bokaro,Jharkhand,Bokaro,2062330.0,508764.0,23.6927,85.9837,23.5,86.25,2889,318.7,287.0,0.0,25,57,4,4,1967
Chatra,Jharkhand,Chatra,1042886.0,215502.0,24.11,84.8625,24.0,85.0,3826,403.1,418.0,0.0,24,57,4,4,1967
Deoghar,Jharkhand,Deoghar,1492073.0,321710.0,24.3325,86.7142,24.5,86.875,2340,233.8,233.0,0.0,26,57,3,2,1967
Dhanbad,Jharkhand,Dhanbad,2684487.0,664219.0,23.8375,86.4682,24.0,86.25,2139,211.5,210.0,0.0,27,57,2,2,1967
Dumka,Jharkhand,Dumka,1321442.0,326978.0,24.3115,87.3114,24.5,87.5,3782,175.0,172.5,0.0,28,57,3,2,1967
Garhwa,Jharkhand,Garhwa,1322784.0,292052.0,24.0513,83.6532,24.0,83.75,4136,315.0,297.5,0.0,24,57,4,4,1967
Giridih,Jharkhand,Giridih,2445474.0,499450.0,24.3342,86.1645,24.5,86.25,5158,347.4,320.0,0.0,25,57,3,3,1967
Godda,Jharkhand,Godda,1313551.0,292030.0,24.8667,87.3105,25.0,87.5,2313,159.4,126.0,0.0,28,57,4,3,1967
Gumla,Jharkhand,Gumla,1025213.0,233074.0,23.1621,84.4656,23.0,84.375,5081,670.9,657.0,0.0,28,57,4,2,1967
Hazaribagh,Jharkhand,Hazaribagh,1734495.0,381748.0,23.9977,85.5394,24.0,85.625,4130,469.9,434.0,0.0,27,57,7,7,1967
Jamtara,Jharkhand,Jamtara,791042.0,185668.0,23.9919,86.928,24.0,86.875,1965,179.2,178.0,0.0,25,57,2,1,1967
Khunti,Jharkhand,Khunti,531885.0,135719.0,22.9242,85.2565,23.0,85.0,2631,516.9,536.0,0.0,27,57,2,2,1967
Kodarma,Jharkhand,Kodarma,716259.0,151485.0,24.5388,85.6736,24.5,85.625,1796,329.9,359.0,0.0,26,57,1,1,1967
Latehar,Jharkhand,Latehar,726978.0,160514.0,23.6684,84.2608,23.5,84.375,4129,565.1,515.0,0.0,27,57,1,1,1967
Lohardaga,Jharkhand,Lohardaga,461790.0,111484.0,23.4798,84.6919,23.5,85.0,1861,697.4,683.0,0.0,26,57,3,3,1967
Pakur,Jharkhand,Pakur,900422.0,217175.0,24.532,87.5965,24.5,87.5,1823,84.6,76.0,0.0,25,57,2,1,1967
Palamu,Jharkhand,Palamu,1939869.0,407904.0,24.2197,84.175,24.0,84.375,4459,261.7,268.0,0.0,26,57,7,7,1967
Pashchimi Singhbhum,Jharkhand,Pashchimi Singhbhum,1502338.0,400324.0,22.4286,85.5323,22.5,85.625,7247,362.0,322.0,0.0,25,57,4,3,1967
Purbi Singhbhum,Jharkhand,Purbi Singhbhum,2293919.0,604663.0,22.6162,86.3861,22.5,86.25,3586,186.0,156.0,0.0,27,57,4,3,1967
Ramgarh,Jharkhand,Ramgarh,949443.0,252625.0,23.7004,85.5136,23.5,85.625,1279,377.6,369.0,0.0,23,57,5,4,1967
Ranchi,Jharkhand,Ranchi,2914253.0,730982.0,23.3006,85.3883,23.5,85.625,5126,544.2,596.0,0.0,23,57,11,10,1967
Sahibganj,Jharkhand,Sahibganj,1150567.0,260993.0,25.0253,87.6957,25.0,87.5,2131,86.2,46.0,0.0,26,57,4,3,1967
Saraikela-Kharsawan,Jharkhand,Saraikela-Kharsawan,1065056.0,285687.0,22.8189,85.9175,23.0,85.625,2658,230.2,212.0,0.0,26,57,1,1,1967
Simdega,Jharkhand,Simdega,599578.0,155283.0,22.568,84.5438,22.5,84.375,3747,424.4,418.0,0.0,25,57,1,1,1967
Bagalkot,Karnataka,Bagalkot,1889752.0,490657.0,16.2905,75.5816,16.5,75.625,6703,561.8,549.0,0.0,27,57,19,12,1967
Bangalore,Karnataka,Bangalore,9621551.0,3267960.0,12.9442,77.5325,13.0,77.5,2059,877.3,883.5,0.0,26,57,22,17,1967
Bangalore Rural,Karnataka,Bangalore Rural,990923.0,326462.0,13.1753,77.3395,13.0,77.5,2359,900.3,896.0,0.0,27,57,28,26,1967
Belgaum,Karnataka,Belgaum,4779661.0,1318975.0,16.1642,74.8902,16.0,75.0,13467,654.2,646.0,0.0,25,57,33,26,1967
Bellary,Karnataka,Bellary,2452595.0,623480.0,15.1988,76.7441,15.0,76.875,8411,530.0,540.0,0.0,26,57,30,23,1967
Bidar,Karnataka,Bidar,1703300.0,389403.0,18.0199,77.2568,18.0,77.5,5466,597.7,600.0,0.0,23,57,22,16,1967
Bijapur,Karnataka,Bijapur (Karnataka),2177331.0,527490.0,16.8165,75.8832,17.0,75.625,10462,535.1,537.0,0.0,25,57,27,18,1967
Chamarajanagar,Karnataka,Chamarajanagar,1020791.0,319880.0,11.949,77.1029,12.0,76.875,5783,776.5,756.5,0.0,26,57,15,11,1967
Chikkaballapura,Karnataka,Chikkaballapura,1255104.0,409702.0,13.5995,77.7819,13.5,77.5,4228,815.9,813.5,0.0,26,57,22,16,1967
Chikmagalur,Karnataka,Chikmagalur,1137961.0,392426.0,13.4273,75.6472,13.5,75.625,6954,850.3,760.0,0.0,27,57,18,13,1967
Chitradurga,Karnataka,Chitradurga,1659456.0,447348.0,14.3053,76.5335,14.5,76.25,8494,664.4,671.0,0.0,23,57,21,16,1967
Dakshina Kannada,Karnataka,Dakshina Kannada,2089649.0,650292.0,12.819,75.2547,13.0,75.0,5256,169.0,121.0,4.0,25,57,38,30,1967
Davanagere,Karnataka,Davanagere,1945497.0,530691.0,14.3684,75.8893,14.5,75.625,5983,633.3,629.0,0.0,25,57,19,15,1967
Dharwad,Karnataka,Dharwad,1847023.0,483104.0,15.3706,75.135,15.5,75.0,4250,619.1,623.0,0.0,25,57,31,25,1967
Gadag,Karnataka,Gadag,1064570.0,291972.0,15.4171,75.6828,15.5,75.625,4665,612.9,605.0,0.0,26,57,21,14,1967
Gulbarga,Karnataka,Gulbarga,2566326.0,600007.0,17.239,76.7708,17.0,76.875,11031,464.7,464.0,0.0,25,57,26,22,1967
Hassan,Karnataka,Hassan,1776421.0,628981.0,13.0307,76.1743,13.0,76.25,6823,915.4,922.0,0.0,25,57,23,17,1967
Haveri,Karnataka,Haveri,1597668.0,413564.0,14.7157,75.3889,14.5,75.625,4839,592.0,595.0,0.0,25,57,17,13,1967
Kodagu,Karnataka,Kodagu,554519.0,212974.0,12.3838,75.6625,12.5,75.625,4155,817.3,876.0,0.0,27,57,32,23,1967
Kolar,Karnataka,Kolar,1536401.0,477609.0,13.1803,78.2558,13.0,78.125,4127,831.0,843.5,0.0,28,57,20,14,1967
Koppal,Karnataka,Koppal,1389920.0,337649.0,15.5771,76.313,15.5,76.25,5681,545.1,559.0,0.0,27,57,16,12,1967
Mandya,Karnataka,Mandya,1805769.0,562302.0,12.6367,76.7306,12.5,76.875,4933,756.3,764.0,0.0,24,57,19,14,1967
Mysore,Karnataka,Mysore,3001127.0,920982.0,12.1661,76.4958,12.0,76.25,6469,760.1,738.0,0.0,25,57,27,17,1967
Raichur,Karnataka,Raichur,1928812.0,455848.0,16.0544,76.9037,16.0,76.875,8499,422.7,406.0,0.0,26,57,28,24,1967
Ramanagara,Karnataka,Ramanagara,1082636.0,351784.0,12.7206,77.3205,12.5,77.5,3526,724.1,721.0,0.0,24,57,10,7,1967
Shimoga,Karnataka,Shimoga,1752753.0,554106.0,14.0594,75.1228,14.0,75.0,8494,626.8,607.5,0.0,24,57,30,23,1967
Tumkur,Karnataka,Tumkur,2678980.0,890242.0,13.42,76.8828,13.5,76.875,10687,762.0,772.0,0.0,24,57,21,16,1967
Udupi,Karnataka,Udupi,1177361.0,385389.0,13.5641,74.8832,13.5,75.0,3604,165.7,61.0,14.8,27,57,24,19,1967
Uttara Kannada,Karnataka,Uttara Kannada,1437169.0,474792.0,14.725,74.6432,14.5,74.375,10433,395.3,508.0,3.7,27,57,36,30,1967
Yadgir,Karnataka,Yadgir,1174271.0,262995.0,16.5745,76.9264,16.5,76.875,5309,441.7,432.0,0.0,26,57,15,9,1967
Alappuzha,Kerala,Alappuzha,2127789.0,723536.0,9.5006,76.4138,9.5,76.25,1443,9.9,9.0,54.5,22,57,41,34,1967
Ernakulam,Kerala,Ernakulam,3282388.0,1174691.0,10.0464,76.4999,10.0,76.25,3091,114.6,29.0,20.0,25,57,40,31,1967
Idukki,Kerala,Idukki,1108974.0,412433.0,9.8153,77.0022,10.0,76.875,4385,1002.5,956.5,0.0,26,57,40,32,1967
Kannur,Kerala,Kannur,2523003.0,872479.0,11.9881,75.5477,12.0,75.625,2991,170.1,78.0,11.1,27,57,44,32,1967
Kasaragod,Kerala,Kasaragod,1307375.0,417805.0,12.443,75.1879,12.5,75.0,2018,102.4,104.0,4.0,25,57,34,27,1967
Kollam,Kerala,Kollam,2635375.0,925130.0,8.9694,76.8576,9.0,76.875,2523,175.5,84.0,7.7,26,57,37,33,1967
Kottayam,Kerala,Kottayam,1974551.0,678161.0,9.6296,76.6476,9.5,76.875,2214,68.5,37.0,20.8,24,57,44,39,1967
Kozhikode,Kerala,Kozhikode,3086293.0,990336.0,11.4634,75.8968,11.5,75.625,2385,199.6,43.0,0.0,23,57,47,39,1967
Malappuram,Kerala,Malappuram,4112920.0,1157129.0,11.1076,76.1106,11.0,76.25,3574,168.6,57.0,4.0,25,57,38,30,1967
Palakkad,Kerala,Palakkad,2809934.0,894341.0,10.789,76.4753,11.0,76.25,4530,305.6,104.0,0.0,27,57,36,28,1967
Pathanamthitta,Kerala,Pathanamthitta,1197412.0,472840.0,9.2779,76.9729,9.5,76.875,2669,360.4,197.0,4.0,25,57,33,25,1967
Thiruvananthapuram,Kerala,Thiruvananthapuram,3301427.0,1169117.0,8.5775,77.0494,8.5,76.875,2237,110.0,80.5,0.0,26,57,43,37,1967
Thrissur,Kerala,Thrissur,3121200.0,1051867.0,10.4826,76.2714,10.5,76.25,3063,139.2,37.0,23.1,26,57,43,32,1967
Wayanad,Kerala,Wayanad,817420.0,277988.0,11.7164,76.0917,11.5,76.25,2040,839.8,815.0,0.0,25,57,33,28,1967
Kargil,Ladakh,Kargil,140802.0,48144.0,33.8141,76.4384,34.0,76.25,14842,4481.3,4439.5,0.0,24,57,6,5,1967
Leh(Ladakh),Ladakh,Leh(Ladakh),133487.0,54394.0,34.168,78.0887,34.0,78.125,80683,4998.6,4943.0,0.0,25,57,5,4,1967
Lakshadweep,Lakshadweep,Lakshadweep,64473.0,21242.0,11.1598,72.0458,11.0,71.875,211,0.0,0.0,100.0,3,57,0,0,1967
Agar,Madhya Pradesh,Agar,,,23.9326,76.1459,24.0,76.25,2765,434.2,434.0,0.0,25,57,9,5,1967
Alirajpur,Madhya Pradesh,Alirajpur,728999.0,150528.0,22.2845,74.3571,22.5,74.375,3336,316.5,313.0,0.0,25,57,12,7,1967
Anuppur,Madhya Pradesh,Anuppur,749237.0,207713.0,23.0316,81.7607,23.0,81.875,3903,658.9,573.0,0.0,25,57,8,4,1967
Ashoknagar,Madhya Pradesh,Ashoknagar,845071.0,206741.0,24.6221,77.8739,24.5,78.125,4750,446.6,459.0,0.0,27,57,11,8,1967
Balaghat,Madhya Pradesh,Balaghat,1701698.0,470867.0,21.8599,80.3131,22.0,80.625,9373,443.0,392.0,0.0,27,57,18,11,1967
Barwani,Madhya Pradesh,Barwani,1385881.0,299270.0,21.7506,74.8942,22.0,75.0,5426,388.2,390.0,0.0,24,57,13,7,1967
Betul,Madhya Pradesh,Betul,1575362.0,406649.0,21.8774,77.8774,22.0,78.125,10065,606.5,636.0,0.0,25,57,18,12,1967
Bhind,Madhya Pradesh,Bhind,1703005.0,359596.0,26.3489,78.6964,26.5,78.75,4494,155.3,156.0,0.0,26,57,14,11,1967
Bhopal,Madhya Pradesh,Bhopal,2371061.0,700719.0,23.4828,77.3958,23.5,77.5,2779,484.0,489.0,0.0,26,57,24,18,1967
Burhanpur,Madhya Pradesh,Burhanpur,757847.0,178840.0,21.3307,76.3736,21.5,76.25,3072,370.2,336.5,0.0,28,57,17,11,1967
Chhatarpur,Madhya Pradesh,Chhatarpur,1762375.0,470917.0,24.7602,79.6813,25.0,79.375,8790,290.6,273.0,0.0,26,57,13,9,1967
Chhindwara,Madhya Pradesh,Chhindwara,2090922.0,553944.0,22.1388,78.8113,22.0,78.75,11858,638.9,623.0,0.0,26,57,23,19,1967
Damoh,Madhya Pradesh,Damoh,1264219.0,369901.0,23.7956,79.5439,24.0,79.375,7380,391.6,392.0,0.0,26,57,16,12,1967
Datia,Madhya Pradesh,Datia,786754.0,203854.0,25.9178,78.6672,26.0,78.75,2523,192.6,185.5,0.0,24,57,11,8,1967
Dewas,Madhya Pradesh,Dewas,1563715.0,376009.0,22.8038,76.2964,23.0,76.25,7039,415.9,472.0,0.0,25,57,14,10,1967
Dhar,Madhya Pradesh,Dhar,2185793.0,515712.0,22.576,75.2282,22.5,75.0,8188,386.5,441.0,0.0,23,57,15,9,1967
Dindori,Madhya Pradesh,Dindori,704524.0,227795.0,22.903,80.8651,23.0,80.625,5689,771.5,770.0,0.0,27,57,10,5,1967
Guna,Madhya Pradesh,Guna,1241519.0,285085.0,24.5,77.2607,24.5,77.5,6385,449.4,448.0,0.0,27,57,15,11,1967
Gwalior,Madhya Pradesh,Gwalior,2032036.0,444892.0,26.0182,78.1555,26.0,78.125,4581,256.7,240.0,0.0,25,57,16,11,1967
Harda,Madhya Pradesh,Harda,570465.0,144559.0,22.2414,77.1097,22.0,76.875,3376,351.9,300.0,0.0,23,57,14,8,1967
Hoshangabad,Madhya Pradesh,Hoshangabad,1241350.0,315396.0,22.5962,77.9286,22.5,78.125,6714,399.2,339.5,0.0,26,57,19,14,1967
Indore,Madhya Pradesh,Indore,3276697.0,788318.0,22.6981,75.8138,22.5,75.625,3905,550.2,536.0,0.0,25,57,27,18,1967
Jabalpur,Madhya Pradesh,Jabalpur,2463289.0,624761.0,23.2193,79.9832,23.0,80.0,5114,434.4,413.5,0.0,28,57,21,15,1967
Jhabua,Madhya Pradesh,Jhabua,1025048.0,235793.0,22.8818,74.7284,23.0,75.0,3488,384.5,390.0,0.0,24,57,12,5,1967
Katni,Madhya Pradesh,Katni,1292042.0,349031.0,23.7128,80.2612,23.5,80.0,5047,425.3,418.0,0.0,25,57,10,7,1967
Khandwa (East Nimar),Madhya Pradesh,Khandwa (East Nimar),1310061.0,329088.0,21.9611,76.5334,22.0,76.25,7584,328.0,318.5,0.0,26,57,10,6,1967
Khargone (West Nimar),Madhya Pradesh,Khargone (West Nimar),1873046.0,460163.0,21.9564,75.7545,22.0,75.625,8042,317.7,274.0,0.0,25,57,21,13,1967
Mandla,Madhya Pradesh,Mandla,1054905.0,316932.0,22.6799,80.5837,22.5,80.625,7339,537.5,528.0,0.0,21,57,11,6,1967
Mandsaur,Madhya Pradesh,Mandsaur,1340411.0,384119.0,24.2621,75.3916,24.5,75.625,5546,445.7,441.0,0.0,23,57,16,11,1967
Morena,Madhya Pradesh,Morena,1965970.0,414586.0,26.3612,77.8534,26.5,78.125,5087,207.1,185.0,0.0,25,57,15,10,1967
Narsimhapur,Madhya Pradesh,Narsimhapur,1091854.0,283718.0,22.9315,79.0892,23.0,79.375,5154,403.9,360.0,0.0,27,57,10,7,1967
Neemuch,Madhya Pradesh,Neemuch,826067.0,242197.0,24.6195,75.1821,24.5,75.0,4358,462.6,463.0,0.0,26,57,11,6,1967
Niwari,Madhya Pradesh,Niwari,,,25.306,78.6652,25.5,78.75,1301,260.1,256.0,0.0,24,57,7,4,1967
Panna,Madhya Pradesh,Panna,1016520.0,288923.0,24.4468,80.1478,24.5,80.0,7068,349.2,350.0,0.0,25,57,10,7,1967
Raisen,Madhya Pradesh,Raisen,1331597.0,325713.0,23.2651,78.1751,23.5,78.125,8524,429.4,433.0,0.0,27,57,15,10,1967
Rajgarh,Madhya Pradesh,Rajgarh,1545814.0,401717.0,23.8663,76.777,24.0,76.875,6220,422.9,421.5,0.0,26,57,16,8,1967
Ratlam,Madhya Pradesh,Ratlam,1455069.0,373867.0,23.4987,74.9571,23.5,75.0,4882,461.8,468.0,0.0,27,57,12,8,1967
Rewa,Madhya Pradesh,Rewa,2365106.0,618399.0,24.7486,81.6555,24.5,81.875,6362,295.3,304.0,0.0,27,57,16,9,1967
Sagar,Madhya Pradesh,Sagar,2378458.0,613915.0,23.8073,78.7617,24.0,78.75,10319,464.6,457.0,0.0,26,57,20,14,1967
Satna,Madhya Pradesh,Satna,2228935.0,576004.0,24.5789,80.8121,24.5,80.625,7586,362.9,336.0,0.0,24,57,11,7,1967
Sehore,Madhya Pradesh,Sehore,1311332.0,329647.0,23.1115,77.0693,23.0,76.875,6583,438.4,477.0,0.0,25,57,17,12,1967
Seoni,Madhya Pradesh,Seoni,1379131.0,382587.0,22.2724,79.7214,22.5,80.0,8689,537.0,536.0,0.0,22,57,16,9,1967
Shahdol,Madhya Pradesh,Shahdol,1066063.0,291440.0,23.6389,81.4188,23.5,81.25,5846,459.0,437.0,0.0,25,57,10,4,1967
Shajapur,Madhya Pradesh,Shajapur,1512681.0,386608.0,23.4103,76.6073,23.5,76.875,3465,459.3,464.0,0.0,23,57,12,7,1967
Sheopur,Madhya Pradesh,Sheopur,687861.0,176522.0,25.7075,76.8834,25.5,76.875,6711,296.7,275.0,0.0,23,57,8,5,1967
Shivpuri,Madhya Pradesh,Shivpuri,1726050.0,434618.0,25.3721,77.7985,25.5,77.5,10556,383.1,398.0,0.0,25,57,12,8,1967
Sidhi,Madhya Pradesh,Sidhi,1127033.0,276869.0,24.2109,81.6812,24.0,81.875,4568,375.7,371.0,0.0,25,57,7,4,1967
Singrauli,Madhya Pradesh,Singrauli,1178273.0,287325.0,24.2381,82.3302,24.0,82.5,6003,361.6,354.5,0.0,26,57,8,5,1967
Tikamgarh,Madhya Pradesh,Tikamgarh,1445166.0,382992.0,24.852,79.0496,25.0,78.75,3720,301.9,310.0,0.0,27,57,12,9,1967
Ujjain,Madhya Pradesh,Ujjain,1986864.0,489449.0,23.2909,75.6273,23.5,75.625,6179,492.7,495.0,0.0,29,57,18,12,1967
Umaria,Madhya Pradesh,Umaria,644758.0,168066.0,23.6349,80.9439,23.5,81.25,4588,481.8,466.0,0.0,26,57,9,5,1967
Vidisha,Madhya Pradesh,Vidisha,1458875.0,376409.0,23.8439,77.8393,24.0,78.125,7335,449.5,437.0,0.0,24,57,18,14,1967
Ahmadnagar,Maharashtra,Ahmadnagar,4543159.0,1323404.0,19.1576,74.856,19.0,75.0,17146,632.0,611.0,0.0,23,57,24,19,1967
Akola,Maharashtra,Akola,1813906.0,504235.0,20.7623,77.1917,21.0,77.5,5434,322.0,315.0,0.0,25,57,36,29,1967
Amravati,Maharashtra,Amravati,2888445.0,781815.0,21.156,77.6433,21.0,77.5,12275,410.2,357.0,0.0,25,57,38,31,1967
Aurangabad,Maharashtra,Aurangabad (Maharashtra),3701282.0,979132.0,20.0255,75.1571,20.0,75.0,10297,547.4,535.5,0.0,26,57,31,26,1967
Bhandara,Maharashtra,Bhandara,1200334.0,356418.0,21.1206,79.7956,21.0,80.0,4200,270.8,261.0,0.0,25,57,33,25,1967
Bid,Maharashtra,Bid,2585049.0,698571.0,18.9916,75.9115,19.0,75.625,10620,579.3,572.5,0.0,24,57,31,26,1967
Buldana,Maharashtra,Buldana,2586258.0,728192.0,20.5633,76.4107,20.5,76.25,9794,465.4,522.0,0.0,26,57,31,23,1967
Chandrapur,Maharashtra,Chandrapur,2204307.0,684655.0,20.099,79.5054,20.0,79.375,11364,229.9,215.5,0.0,24,57,36,29,1967
Dhule,Maharashtra,Dhule,2050862.0,528790.0,21.132,74.4799,21.0,74.375,7213,378.8,338.0,0.0,28,57,21,14,1967
Gadchiroli,Maharashtra,Gadchiroli,1072942.0,330840.0,19.7539,80.1699,20.0,80.0,14521,269.8,260.0,0.0,24,57,30,25,1967
Gondiya,Maharashtra,Gondiya,1322507.0,386515.0,21.1474,80.27,21.0,80.0,5176,312.4,307.0,0.0,27,57,27,21,1967
Hingoli,Maharashtra,Hingoli,1177345.0,284369.0,19.627,77.1934,19.5,77.5,4700,458.8,467.0,0.0,25,57,19,16,1967
Jalgaon,Maharashtra,Jalgaon,4229917.0,1169788.0,20.839,75.5295,21.0,75.625,11761,294.3,262.0,0.0,27,57,27,19,1967
Jalna,Maharashtra,Jalna,1959046.0,502830.0,19.9666,75.8282,20.0,75.625,7752,509.8,487.0,0.0,26,57,25,21,1967
Kolhapur,Maharashtra,Kolhapur,3876001.0,1179314.0,16.4625,74.0896,16.5,74.375,7716,669.6,659.0,0.0,27,57,28,22,1967
Latur,Maharashtra,Latur,2454196.0,585632.0,18.3574,76.7584,18.5,76.875,7275,598.2,611.0,0.0,26,57,26,18,1967
Mumbai,Maharashtra,Mumbai,3085411.0,1107321.0,18.9721,72.8296,19.0,73.125,88,7.0,7.0,100.0,2,57,49,44,1967
Mumbai Suburban,Maharashtra,Mumbai Suburban,9356962.0,3078829.0,19.1261,72.8965,19.0,73.125,425,11.7,3.0,77.8,9,57,15,13,1967
Nagpur,Maharashtra,Nagpur,4653570.0,1308366.0,21.1499,79.0186,21.0,78.75,9975,344.1,321.0,0.0,26,57,50,39,1967
Nanded,Maharashtra,Nanded,3361292.0,821682.0,19.097,77.485,19.0,77.5,10651,398.4,393.0,0.0,24,57,35,31,1967
Nandurbar,Maharashtra,Nandurbar,1648295.0,405012.0,21.5142,74.5449,21.5,74.375,5932,311.8,217.0,0.0,21,57,18,13,1967
Nashik,Maharashtra,Nashik,6107187.0,1668932.0,20.2268,74.101,20.0,74.375,15635,583.0,585.0,0.0,22,57,32,26,1967
Osmanabad,Maharashtra,Osmanabad,1657576.0,444990.0,18.1709,76.1199,18.0,76.25,7609,606.9,618.0,0.0,27,57,26,22,1967
Palghar,Maharashtra,Palghar,,,19.7558,73.0939,20.0,73.125,5368,132.1,86.0,20.0,25,57,17,14,1967
Parbhani,Maharashtra,Parbhani,1836086.0,427239.0,19.2901,76.6267,19.5,76.875,6422,413.6,405.0,0.0,25,57,30,25,1967
Pune,Maharashtra,Pune,9429408.0,3222457.0,18.6433,73.9225,18.5,73.75,15729,685.6,646.5,0.0,22,57,40,34,1967
Raigarh,Maharashtra,Raigarh (Maharashtra),2634200.0,959028.0,18.4935,73.1425,18.5,73.125,7005,103.0,61.0,16.0,25,57,26,19,1967
Ratnagiri,Maharashtra,Ratnagiri,1615069.0,639362.0,17.2829,73.4737,17.5,73.75,8400,172.0,164.0,0.0,24,57,34,28,1967
Sangli,Maharashtra,Sangli,2822143.0,853673.0,17.1725,74.7749,17.0,75.0,8518,635.5,617.0,0.0,25,57,22,15,1967
Satara,Maharashtra,Satara,3003741.0,975471.0,17.638,74.3008,17.5,74.375,10655,759.1,728.0,0.0,25,57,24,18,1967
Sindhudurg,Maharashtra,Sindhudurg,849651.0,340836.0,16.1331,73.6527,16.0,73.75,5167,161.4,101.0,12.0,25,57,27,22,1967
Solapur,Maharashtra,Solapur,4317756.0,1156231.0,17.8511,75.2757,18.0,75.0,14945,505.9,500.5,0.0,26,57,22,15,1967
Thane,Maharashtra,Thane,11060148.0,3618151.0,19.355,73.3702,19.5,73.125,4175,110.6,86.0,13.0,23,57,40,35,1967
Wardha,Maharashtra,Wardha,1300774.0,388704.0,20.8254,78.6162,21.0,78.75,6339,302.7,261.0,0.0,26,57,32,27,1967
Washim,Maharashtra,Washim,1197160.0,330846.0,20.3065,77.2455,20.5,77.5,5183,469.6,483.0,0.0,26,57,26,20,1967
Yavatmal,Maharashtra,Yavatmal,2772348.0,798132.0,20.0621,78.3564,20.0,78.125,13599,327.7,319.0,0.0,26,57,35,30,1967
Bishnupur,Manipur,Bishnupur,237399.0,56149.0,24.5157,93.7919,24.5,93.75,436,796.6,777.0,0.0,9,57,5,1,1967
Chandel,Manipur,Chandel,144182.0,34160.0,24.1625,94.0048,24.0,93.75,2134,1043.6,1084.0,0.0,25,57,4,0,1967
Churachandpur,Manipur,Churachandpur,274143.0,57825.0,24.2845,93.6833,24.5,93.75,2547,993.3,972.0,0.0,25,57,4,0,1967
Imphal East,Manipur,Imphal East,456113.0,110941.0,24.8677,94.0186,25.0,93.75,381,878.7,828.5,0.0,6,57,11,2,1967
Imphal West,Manipur,Imphal West,517992.0,136801.0,24.7627,93.8575,25.0,93.75,506,815.7,785.0,0.0,11,57,11,2,1967
Jiribam,Manipur,Jiribam,,,24.7068,93.11,24.5,93.125,147,29.0,29.0,0.0,1,57,5,0,1967
Kakching,Manipur,Kakching,,,24.3975,93.8857,24.5,93.75,275,781.4,776.0,0.0,7,57,4,0,1967
Kamjong,Manipur,Kamjong,,,24.8145,94.3961,25.0,94.375,2378,900.2,818.0,0.0,25,57,4,0,1967
Kangpokpi,Manipur,Kangpokpi,,,25.0062,93.8375,25.0,93.75,1827,1317.3,1246.0,0.0,23,57,4,0,1967
Noney,Manipur,Noney,,,24.6733,93.4865,24.5,93.75,1102,735.7,667.0,0.0,19,57,5,1,1967
Pherzawl,Manipur,Pherzawl,,,24.3689,93.2625,24.5,93.125,2343,643.2,641.5,0.0,24,57,4,0,1967
Senapati,Manipur,Senapati,479148.0,39834.0,25.3891,94.1456,25.5,94.375,1751,1444.3,1361.0,0.0,27,57,4,0,1967
Tamenglong,Manipur,Tamenglong,140651.0,28101.0,25.0678,93.5464,25.0,93.75,2950,850.2,873.0,0.0,26,57,7,2,1967
Tengnoupal,Manipur,Tengnoupal,,,24.3724,94.2682,24.5,94.375,1205,748.2,830.0,0.0,24,57,4,0,1967
Thoubal,Manipur,Thoubal,422168.0,104263.0,24.6281,94.004,24.5,93.75,370,795.4,774.0,0.0,7,57,8,2,1967
Ukhrul,Manipur,Ukhrul,183998.0,41890.0,25.3067,94.475,25.5,94.375,2251,1501.9,1452.5,0.0,24,57,4,0,1967
East Garo Hills,Meghalaya,East Garo Hills,317917.0,74216.0,25.6361,90.6711,25.5,90.625,1768,375.5,353.0,0.0,26,57,9,6,1967
East Jaintia Hills,Meghalaya,East Jaintia Hills,,,25.2752,92.4913,25.5,92.5,2082,825.3,862.0,0.0,27,57,6,4,1967
East Khasi Hills,Meghalaya,East Khasi Hills,825922.0,215091.0,25.406,91.8449,25.5,91.875,2766,1055.3,1148.5,0.0,24,57,10,6,1967
North Garo Hills,Meghalaya,North Garo Hills,,,25.8679,90.7175,26.0,90.625,1052,249.9,193.0,0.0,18,57,6,4,1967
Ribhoi,Meghalaya,Ribhoi,258840.0,63724.0,25.8621,91.8404,26.0,91.875,2461,556.0,575.5,0.0,26,57,8,7,1967
South Garo Hills,Meghalaya,South Garo Hills,142334.0,39643.0,25.3433,90.5743,25.5,90.625,1962,170.3,113.0,0.0,27,57,7,6,1967
South West Garo Hills,Meghalaya,South West Garo Hills,,,25.4399,89.9486,25.5,90.0,587,79.8,73.0,0.0,12,57,7,4,1967
South West Khasi Hills,Meghalaya,South West Khasi Hills,,,25.3195,91.3287,25.5,91.25,1349,816.2,904.0,0.0,22,57,5,4,1967
West Garo Hills,Meghalaya,West Garo Hills,643291.0,157945.0,25.6056,90.2209,25.5,90.0,2891,205.1,135.5,0.0,26,57,14,9,1967
West Jaintia Hills,Meghalaya,West Jaintia Hills,,,25.433,92.1929,25.5,92.5,1734,963.3,1028.0,0.0,26,57,0,0,1967
West Khasi Hills,Meghalaya,West Khasi Hills,383461.0,87131.0,25.574,91.276,25.5,91.25,3845,983.6,1047.0,0.0,23,57,6,5,1967
Aizawl,Mizoram,Aizawl,400309.0,100911.0,23.8627,92.8856,24.0,93.125,2626,678.8,556.0,0.0,25,57,16,12,1967
Champhai,Mizoram,Champhai,125745.0,31112.0,23.197,93.2593,23.0,93.125,1535,1133.3,1136.0,0.0,27,57,7,5,1967
Hnahthial,Mizoram,Hnahthial,,,22.9742,93.0128,23.0,93.125,848,749.2,656.0,0.0,17,57,0,0,1967
Khawzawl,Mizoram,Khawzawl,,,23.5474,93.1398,23.5,93.125,1094,975.5,990.0,0.0,22,57,0,0,1967
Kolasib,Mizoram,Kolasib,83955.0,22176.0,24.1724,92.7074,24.0,92.5,1700,286.0,206.0,0.0,27,57,4,4,1967
Lawngtlai,Mizoram,Lawngtlai,117894.0,27266.0,22.3739,92.7289,22.5,92.5,2458,435.8,373.0,0.0,27,57,5,5,1967
Lunglei,Mizoram,Lunglei,161428.0,38794.0,22.9445,92.629,23.0,92.5,3578,447.7,442.0,0.0,28,57,6,5,1967
Mamit,Mizoram,Mamit,86364.0,20855.0,23.7565,92.4357,24.0,92.5,2906,394.3,378.0,0.0,28,57,5,4,1967
Saiha,Mizoram,Saiha,56574.0,12827.0,22.2915,93.0086,22.5,93.125,1525,779.7,815.5,0.0,28,57,4,4,1967
Saitual,Mizoram,Saitual,,,23.8686,93.1549,24.0,93.125,1368,929.8,877.0,0.0,25,57,0,0,1967
Serchhip,Mizoram,Serchhip,64937.0,15490.0,23.2766,92.8331,23.5,93.125,1379,871.8,833.5,0.0,28,57,5,5,1967
Dimapur,Nagaland,Dimapur,378811.0,111969.0,25.8275,93.9048,26.0,93.75,825,342.0,331.0,0.0,15,57,2,2,1967
Kiphire,Nagaland,Kiphire,74004.0,20322.0,25.8026,94.8668,26.0,95.0,1149,1541.2,1385.0,0.0,21,57,2,2,1967
Kohima,Nagaland,Kohima,267988.0,76100.0,25.7735,94.1329,26.0,94.375,1455,1146.0,1081.0,0.0,24,57,9,3,1967
Longleng,Nagaland,Longleng,50484.0,15137.0,26.602,94.8175,26.5,95.0,511,610.2,508.5,0.0,8,57,1,1,1967
Mokokchung,Nagaland,Mokokchung,194622.0,55278.0,26.4929,94.5327,26.5,94.375,1629,554.7,537.0,0.0,25,57,1,1,1967
Mon,Nagaland,Mon,250260.0,51022.0,26.6513,95.0097,26.5,95.0,2175,920.0,792.0,0.0,27,57,1,1,1967
Peren,Nagaland,Peren,95219.0,24277.0,25.4464,93.6168,25.5,93.75,1799,682.3,646.0,0.0,23,57,2,2,1967
Phek,Nagaland,Phek,163418.0,46198.0,25.6453,94.382,25.5,94.375,1900,1475.7,1415.0,0.0,24,57,2,2,1967
Tuensang,Nagaland,Tuensang,196596.0,50141.0,26.169,94.9223,26.0,95.0,2265,1488.2,1456.5,0.0,24,57,1,1,1967
Wokha,Nagaland,Wokha,166343.0,46669.0,26.276,94.2193,26.5,94.375,1505,522.6,456.0,0.0,28,57,2,1,1967
Zunheboto,Nagaland,Zunheboto,140757.0,37311.0,26.0213,94.5165,26.0,94.375,1622,1243.8,1045.0,0.0,29,57,2,2,1967
Anugul,Odisha,Anugul,1273821.0,414587.0,21.1081,84.9596,21.0,85.0,6467,244.5,229.0,0.0,27,57,17,14,1967
Balangir,Odisha,Balangir,1648997.0,538962.0,20.6075,83.1683,20.5,83.125,6602,246.3,243.5,0.0,26,57,14,12,1967
Baleshwar,Odisha,Baleshwar,2320529.0,683594.0,21.5191,86.8772,21.5,86.875,3686,33.8,13.0,37.5,24,57,33,27,1967
Bargarh,Odisha,Bargarh,1481255.0,458961.0,21.2339,83.5688,21.0,83.75,5818,236.2,215.0,0.0,28,57,21,18,1967
Baudh,Odisha,Baudh,441162.0,137954.0,20.6443,84.0017,20.5,83.75,3132,249.9,200.0,0.0,24,57,16,14,1967
Bhadrak,Odisha,Bhadrak,1506337.0,428106.0,20.984,86.5954,21.0,86.875,2472,9.9,7.0,66.7,24,57,20,18,1967
Cuttack,Odisha,Cuttack,2624470.0,790297.0,20.367,85.5362,20.5,85.625,3767,63.6,36.5,0.0,24,57,33,27,1967
Debagarh,Odisha,Debagarh,312520.0,98758.0,21.4279,84.691,21.5,85.0,3017,270.2,222.0,0.0,25,57,14,12,1967
Dhenkanal,Odisha,Dhenkanal,1192811.0,352369.0,20.8367,85.6249,21.0,85.625,4407,124.0,82.0,0.0,26,57,20,17,1967
Gajapati,Odisha,Gajapati,577817.0,175145.0,19.1967,84.1957,19.0,84.375,4093,510.3,559.0,0.0,27,57,16,12,1967
Ganjam,Odisha,Ganjam,3529031.0,1015394.0,19.6111,84.7073,19.5,85.0,8452,157.2,86.0,8.0,25,57,23,19,1967
Jagatsinghapur,Odisha,Jagatsinghapur,1136971.0,352732.0,20.1788,86.3424,20.0,86.25,1747,7.6,6.5,65.4,26,57,17,14,1967
Jajapur,Odisha,Jajapur,1827192.0,541139.0,20.8707,86.1191,21.0,86.25,2967,56.8,26.5,10.7,28,57,18,15,1967
Jharsuguda,Odisha,Jharsuguda,579505.0,177186.0,21.8007,84.017,22.0,83.75,2122,226.5,216.0,0.0,24,57,16,14,1967
Kalahandi,Odisha,Kalahandi,1576869.0,494748.0,19.8169,83.0421,20.0,83.125,7942,338.7,257.0,0.0,22,57,26,23,1967
Kandhamal,Odisha,Kandhamal,733110.0,242935.0,20.1357,84.0794,20.0,84.375,8129,648.2,662.0,0.0,22,57,24,21,1967
Kendrapara,Odisha,Kendrapara,1440361.0,438243.0,20.555,86.5389,20.5,86.25,2455,5.5,4.5,79.2,24,57,23,20,1967
Kendujhar,Odisha,Kendujhar,1801733.0,574298.0,21.5885,85.6707,21.5,85.625,8336,374.6,382.0,0.0,26,57,25,21,1967
Khordha,Odisha,Khordha,2251673.0,688729.0,20.0524,85.5041,20.0,85.625,2833,47.4,24.0,8.3,24,57,20,18,1967
Koraput,Odisha,Koraput,1379647.0,460128.0,18.7256,82.6106,18.5,82.5,8509,769.0,815.0,0.0,27,57,35,28,1967
Malkangiri,Odisha,Malkangiri,613192.0,183723.0,18.2774,81.959,18.5,81.875,5849,344.7,262.0,0.0,23,57,17,15,1967
Mayurbhanj,Odisha,Mayurbhanj,2519738.0,753589.0,21.916,86.3981,22.0,86.25,10496,305.2,247.0,0.0,23,57,25,20,1967
Nabarangapur,Odisha,Nabarangapur,1220946.0,372264.0,19.613,82.2987,19.5,82.5,5425,585.8,597.0,0.0,25,57,3,3,1967
Nayagarh,Odisha,Nayagarh,962789.0,288334.0,20.2392,85.0523,20.0,85.0,3966,209.0,143.0,0.0,21,57,17,15,1967
Nuapada,Odisha,Nuapada,610382.0,209127.0,20.5398,82.5303,20.5,82.5,3877,400.2,346.0,0.0,25,57,14,12,1967
Puri,Odisha,Puri,1698730.0,474224.0,19.8331,85.6621,20.0,85.625,3547,6.3,7.0,84.6,26,57,28,22,1967
Rayagada,Odisha,Rayagada,967911.0,286548.0,19.4416,83.5877,19.5,83.75,7401,439.8,390.0,0.0,25,57,15,13,1967
Sambalpur,Odisha,Sambalpur,1041099.0,315495.0,21.5529,84.1588,21.5,84.375,6561,253.7,228.5,0.0,26,57,25,20,1967
Subarnapur,Odisha,Subarnapur,610183.0,193502.0,20.8539,83.8513,21.0,83.75,2364,144.1,140.0,0.0,28,57,15,13,1967
Sundargarh,Odisha,Sundargarh,2093437.0,618062.0,22.0609,83.9333,22.0,83.75,9767,313.4,295.0,0.0,25,57,16,14,1967
Karaikal,Puducherry,Karaikal,200222.0,69333.0,10.9203,79.831,11.0,80.0,80,3.3,3.0,100.0,3,57,2,1,1967
Mahe,Puducherry,Mahe,41816.0,12110.0,11.6989,75.5373,11.5,75.625,9,34.0,34.0,0.0,1,57,1,0,1967
Puducherry,Puducherry,Puducherry,950289.0,291037.0,11.9256,79.7812,12.0,80.0,385,15.0,19.0,42.9,7,57,6,3,1967
Yanam,Puducherry,Yanam,55626.0,15519.0,16.6852,82.2688,16.5,82.5,59,7.0,7.0,100.0,1,57,1,0,1967
Amritsar,Punjab,Amritsar,2490656.0,660953.0,31.7696,74.8342,32.0,75.0,2695,228.9,230.0,0.0,26,57,31,22,1967
Barnala,Punjab,Barnala,595527.0,156799.0,30.3709,75.506,30.5,75.625,1410,229.2,230.0,0.0,23,57,16,10,1967
Bathinda,Punjab,Bathinda,1388525.0,355722.0,30.1769,75.0493,30.0,75.0,3381,211.3,213.0,0.0,24,57,25,17,1967
Faridkot,Punjab,Faridkot,617508.0,158863.0,30.597,74.799,30.5,75.0,1471,203.5,206.0,0.0,26,57,21,13,1967
Fatehgarh Sahib,Punjab,Fatehgarh Sahib,600163.0,174896.0,30.6574,76.3815,30.5,76.25,1150,267.9,268.5,0.0,22,57,19,11,1967
Fazilka,Punjab,Fazilka,,,30.3768,74.1098,30.5,74.375,3267,185.0,186.0,0.0,28,57,17,11,1967
Firozpur,Punjab,Firozpur,2029074.0,502390.0,30.9483,74.7628,31.0,75.0,2049,201.1,202.5,0.0,24,57,25,19,1967
Gurdaspur,Punjab,Gurdaspur,2298323.0,606348.0,31.9122,75.228,32.0,75.0,2624,249.2,247.5,0.0,26,57,29,20,1967
Hoshiarpur,Punjab,Hoshiarpur,1586625.0,551265.0,31.6056,75.8614,31.5,75.625,3388,337.0,291.0,0.0,23,57,25,17,1967
Jalandhar,Punjab,Jalandhar,2193590.0,708130.0,31.2921,75.5692,31.5,75.625,2609,233.3,235.0,0.0,25,57,28,19,1967
Kapurthala,Punjab,Kapurthala,815168.0,261203.0,31.3842,75.3445,31.5,75.625,1663,222.3,220.0,0.0,19,57,25,18,1967
Ludhiana,Punjab,Ludhiana,3498739.0,1036821.0,30.7875,75.8289,31.0,75.625,3711,244.9,243.0,0.0,27,57,26,16,1967
Mansa,Punjab,Mansa,769751.0,196389.0,29.8759,75.4898,30.0,75.625,2219,217.7,218.0,0.0,24,57,19,11,1967
Moga,Punjab,Moga,995746.0,288439.0,30.7971,75.163,31.0,75.0,2246,218.8,220.0,0.0,25,57,19,11,1967
Muktsar,Punjab,Muktsar,901896.0,224157.0,30.2827,74.526,30.5,74.375,2645,195.5,195.0,0.0,25,57,17,10,1967
Pathankot,Punjab,Pathankot,,,32.3064,75.6593,32.5,75.625,1003,395.2,328.5,0.0,18,57,17,10,1967
Patiala,Punjab,Patiala,1895686.0,517369.0,30.2119,76.3411,30.0,76.25,3354,252.3,253.5,0.0,26,57,31,22,1967
Rupnagar,Punjab,Rupnagar,684627.0,208699.0,31.0865,76.5291,31.0,76.25,1372,310.9,294.0,0.0,27,57,24,16,1967
Sahibzada Ajit Singh Nagar,Punjab,Sahibzada Ajit Singh Nagar,994628.0,291335.0,30.6501,76.7397,30.5,76.875,1104,315.5,303.0,0.0,23,57,18,10,1967
Sangrur,Punjab,Sangrur,1655169.0,448944.0,30.2096,75.8214,30.0,75.625,3599,236.7,240.0,0.0,23,57,22,14,1967
Shahid Bhagat Singh Nagar,Punjab,Shahid Bhagat Singh Nagar,612310.0,231551.0,31.1271,76.1632,31.0,76.25,1282,270.3,257.0,0.0,24,57,15,9,1967
Tarn Taran,Punjab,Tarn Taran,1119627.0,267174.0,31.3259,74.841,31.5,75.0,2432,218.7,219.0,0.0,26,57,17,10,1967
Ajmer,Rajasthan,Ajmer,2583052.0,684254.0,26.3265,74.7164,26.5,75.0,8504,419.7,395.0,0.0,27,57,29,23,1967
Alwar,Rajasthan,Alwar,3674179.0,995261.0,27.6381,76.617,27.5,76.875,8331,314.0,294.0,0.0,27,57,27,20,1967
Banswara,Rajasthan,Banswara,1797485.0,429844.0,23.4916,74.354,23.5,74.375,4535,255.4,235.0,0.0,27,57,19,15,1967
Baran,Rajasthan,Baran,1222755.0,318988.0,24.9186,76.6929,25.0,76.875,6624,312.4,293.0,0.0,25,57,17,13,1967
Barmer,Rajasthan,Barmer,2603751.0,598805.0,25.5724,71.6158,25.5,71.875,28591,155.5,158.0,0.0,26,57,17,11,1967
Bharatpur,Rajasthan,Bharatpur,2548462.0,609134.0,27.2632,77.3721,27.5,77.5,5092,201.3,196.5,0.0,26,57,19,14,1967
Bhilwara,Rajasthan,Bhilwara,2408523.0,675880.0,25.4886,74.7034,25.5,75.0,10514,437.0,428.5,0.0,26,57,20,15,1967
Bikaner,Rajasthan,Bikaner,2363937.0,531933.0,28.0995,73.1082,28.0,73.125,30245,207.0,201.0,0.0,25,57,21,17,1967
Bundi,Rajasthan,Bundi,1110906.0,303288.0,25.4406,75.751,25.5,75.625,5843,292.6,277.0,0.0,27,57,20,16,1967
Chittaurgarh,Rajasthan,Chittaurgarh,1544338.0,455653.0,24.7214,74.4785,24.5,74.375,7634,430.2,440.0,0.0,23,57,12,8,1967
Churu,Rajasthan,Churu,2039547.0,493893.0,28.2049,74.6905,28.0,75.0,14062,270.6,275.0,0.0,27,57,15,10,1967
Dausa,Rajasthan,Dausa,1634409.0,420694.0,26.8049,76.4573,27.0,76.25,3565,301.8,299.0,0.0,23,57,13,8,1967
Dhaulpur,Rajasthan,Dhaulpur,1206516.0,273296.0,26.6543,77.6364,26.5,77.5,3039,196.9,185.0,0.0,23,57,17,11,1967
Dungarpur,Rajasthan,Dungarpur,1388552.0,354363.0,23.6843,73.8208,23.5,73.75,3803,230.7,217.0,0.0,23,57,10,7,1967
Ganganagar,Rajasthan,Ganganagar,1969168.0,562594.0,29.4628,73.5405,29.5,73.75,10678,167.3,166.0,0.0,25,57,16,7,1967
Hanumangarh,Rajasthan,Hanumangarh,1774692.0,497753.0,29.3636,74.2125,29.5,74.375,10005,195.4,196.0,0.0,23,57,11,7,1967
Jaipur,Rajasthan,Jaipur,6626178.0,1732679.0,27.1491,75.755,27.0,75.625,11316,385.2,363.0,0.0,25,57,35,27,1967
Jaisalmer,Rajasthan,Jaisalmer,669919.0,189947.0,27.03,70.7867,27.0,70.625,38648,169.9,163.5,0.0,24,57,14,11,1967
Jalor,Rajasthan,Jalor,1828730.0,467418.0,25.2097,72.3164,25.0,72.5,10773,128.3,132.5,0.0,26,57,17,11,1967
Jhalawar,Rajasthan,Jhalawar,1411129.0,362387.0,24.3143,76.5295,24.5,76.25,6285,371.7,362.5,0.0,24,57,20,15,1967
Jhunjhunun,Rajasthan,Jhunjhunun,2137045.0,650809.0,28.0793,75.5461,28.0,75.625,5920,349.6,338.0,0.0,27,57,10,7,1967
Jodhpur,Rajasthan,Jodhpur,3687165.0,891657.0,26.7411,72.8735,26.5,73.125,22957,252.4,252.5,0.0,26,57,29,23,1967
Karauli,Rajasthan,Karauli,1458248.0,364355.0,26.5001,77.0891,26.5,76.875,4887,277.8,266.0,0.0,29,57,10,5,1967
Kota,Rajasthan,Kota,1951014.0,515189.0,25.1929,76.0152,25.0,76.25,5294,292.0,270.0,0.0,25,57,34,25,1967
Nagaur,Rajasthan,Nagaur,3307743.0,842201.0,27.0603,74.2069,27.0,74.375,17751,349.8,337.0,0.0,25,57,17,11,1967
Pali,Rajasthan,Pali,2037573.0,652717.0,25.6155,73.4164,25.5,73.125,12417,295.3,295.0,0.0,23,57,21,15,1967
Pratapgarh,Rajasthan,Pratapgarh (Rajasthan),867848.0,234082.0,24.0251,74.6716,24.0,74.375,4319,408.1,453.0,0.0,26,57,10,7,1967
Rajsamand,Rajasthan,Rajsamand,1156597.0,365676.0,25.3775,73.8607,25.5,73.75,4717,630.2,600.5,0.0,24,57,10,6,1967
Sawai Madhopur,Rajasthan,Sawai Madhopur,1335551.0,353321.0,26.2042,76.3049,26.0,76.25,5036,257.2,253.0,0.0,25,57,22,14,1967
Sikar,Rajasthan,Sikar,2677333.0,705834.0,27.6605,75.0313,27.5,75.0,7707,412.0,408.0,0.0,25,57,17,14,1967
Sirohi,Rajasthan,Sirohi,1036346.0,308174.0,24.8004,72.8294,25.0,73.125,5170,332.2,302.0,0.0,27,57,16,11,1967
Tonk,Rajasthan,Tonk,1421326.0,380666.0,26.1231,75.6668,26.0,75.625,7278,301.3,299.0,0.0,25,57,22,18,1967
Udaipur,Rajasthan,Udaipur,3068420.0,848218.0,24.4626,73.656,24.5,73.75,12077,503.5,494.0,0.0,23,57,22,18,1967
East District,Sikkim,East District,283583.0,82138.0,27.2779,88.6762,27.5,88.75,947,2372.3,1994.0,0.0,17,57,19,13,1967
North District,Sikkim,North District,43709.0,13609.0,27.7536,88.5214,28.0,88.75,4286,4158.0,4210.0,0.0,25,57,13,7,1967
South District,Sikkim,South District,146850.0,39298.0,27.3104,88.3838,27.5,88.125,702,1666.4,1337.0,0.0,13,57,12,7,1967
West District,Sikkim,West District,136435.0,33977.0,27.3666,88.1878,27.5,88.125,1238,2764.1,2369.0,0.0,22,57,12,8,1967
Ariyalur,Tamil Nadu,Ariyalur,754894.0,254277.0,11.1517,79.2621,11.0,79.375,1980,59.1,59.0,0.0,25,57,9,8,1967
Chengalputtu,Tamil Nadu,Chengalputtu,,,12.7948,79.7743,13.0,80.0,1753,57.2,58.5,0.0,28,57,9,8,1967
Chennai,Tamil Nadu,Chennai,4646732.0,1314125.0,13.0536,80.2349,13.0,80.0,177,10.0,10.0,50.0,4,57,35,27,1967
Coimbatore,Tamil Nadu,Coimbatore,3458045.0,1169752.0,10.8127,77.0791,11.0,76.875,4725,545.3,395.0,0.0,25,57,23,21,1967
Cuddalore,Tamil Nadu,Cuddalore,2605914.0,758209.0,11.5195,79.3406,11.5,79.375,3713,42.2,34.0,16.0,25,57,19,16,1967
Dharmapuri,Tamil Nadu,Dharmapuri,1506843.0,487926.0,12.1619,78.1288,12.0,78.125,4666,525.1,482.0,0.0,25,57,9,9,1967
Dindigul,Tamil Nadu,Dindigul,2159775.0,713542.0,10.4271,77.817,10.5,78.125,6107,553.0,290.0,0.0,25,57,13,12,1967
Erode,Tamil Nadu,Erode,2251744.0,843684.0,11.4894,77.3503,11.5,77.5,5789,528.0,277.0,0.0,27,57,11,10,1967
Kallakurichi,Tamil Nadu,Kallakurichi,,,11.7859,79.0391,12.0,78.75,3254,216.8,120.0,0.0,25,57,8,8,1967
Kancheepuram,Tamil Nadu,Kancheepuram,3998252.0,1213504.0,12.6294,80.0639,12.5,80.0,2737,27.3,25.0,20.8,24,57,11,10,1967
Kanniyakumari,Tamil Nadu,Kanniyakumari,1870374.0,598041.0,8.328,77.3673,8.5,77.5,1736,321.9,84.0,0.0,25,57,17,17,1967
Karur,Tamil Nadu,Karur,1064493.0,364661.0,10.8221,78.3836,11.0,78.125,2916,166.3,166.0,0.0,24,57,9,8,1967
Krishnagiri,Tamil Nadu,Krishnagiri,1879809.0,580540.0,12.5131,78.2371,12.5,78.125,5038,624.3,616.0,0.0,26,57,11,11,1967
Madurai,Tamil Nadu,Madurai,3038252.0,1010441.0,9.933,78.0083,10.0,78.125,3723,239.2,172.0,0.0,25,57,14,11,1967
Mayiladuthurai,Tamil Nadu,Mayiladuthurai,,,11.1861,79.6928,11.0,80.0,1177,8.9,9.0,60.0,20,57,0,0,1967
Nagapattinam,Tamil Nadu,Nagapattinam,1616450.0,517740.0,10.6075,79.7618,10.5,80.0,1410,3.0,3.0,95.7,23,57,17,13,1967
Namakkal,Tamil Nadu,Namakkal,1726601.0,627484.0,11.3036,78.1205,11.5,78.125,3431,271.9,209.0,0.0,23,57,8,8,1967
Perambalur,Tamil Nadu,Perambalur,565223.0,188592.0,11.2891,78.9319,11.5,78.75,1742,139.7,127.0,0.0,29,57,10,10,1967
Pudukkottai,Tamil Nadu,Pudukkottai,1618345.0,503941.0,10.2911,78.8143,10.5,78.75,4706,78.3,89.0,7.7,26,57,14,13,1967
Ramanathapuram,Tamil Nadu,Ramanathapuram,1353445.0,417239.0,9.5226,78.5197,9.5,78.75,4087,18.7,14.0,34.6,26,57,12,12,1967
Ranipet,Tamil Nadu,Ranipet,,,12.9192,79.4091,13.0,79.375,1992,148.6,133.0,0.0,26,57,7,6,1967
Salem,Tamil Nadu,Salem,3482056.0,1170352.0,11.6458,78.2114,11.5,78.125,5263,416.8,323.0,0.0,25,57,11,10,1967
Sivaganga,Tamil Nadu,Sivaganga,1339101.0,452417.0,9.9643,78.7207,10.0,78.75,4290,85.5,79.5,0.0,24,57,7,6,1967
Tenkasi,Tamil Nadu,Tenkasi,,,9.0814,77.4771,9.0,77.5,2887,231.6,150.0,0.0,25,57,6,6,1967
Thanjavur,Tamil Nadu,Thanjavur,2405890.0,753372.0,10.665,79.193,10.5,79.375,3450,33.6,34.0,10.3,29,57,23,21,1967
The Nilgiris,Tamil Nadu,The Nilgiris,735394.0,264105.0,11.4295,76.6968,11.5,76.875,2480,1470.9,1291.0,0.0,29,57,17,17,1967
Theni,Tamil Nadu,Theni,1245899.0,410623.0,9.8693,77.4253,10.0,77.5,2871,462.5,394.5,0.0,24,57,10,9,1967
Thiruvallur,Tamil Nadu,Thiruvallur,3728104.0,1119433.0,13.2543,80.0578,13.5,80.0,3400,54.4,35.0,18.5,27,57,10,9,1967
Thiruvarur,Tamil Nadu,Thiruvarur,1264277.0,408179.0,10.6441,79.5213,10.5,79.375,2291,12.1,12.0,44.0,25,57,13,11,1967
Thoothukkudi,Tamil Nadu,Thoothukkudi,1750176.0,636739.0,8.8503,77.993,9.0,78.125,4781,39.6,32.0,15.4,26,57,12,10,1967
Tiruchirappalli,Tamil Nadu,Tiruchirappalli,2722290.0,875727.0,10.849,78.7228,11.0,78.75,4536,142.8,102.0,0.0,25,57,16,15,1967
Tirunelveli,Tamil Nadu,Tirunelveli,3077233.0,1064667.0,8.5526,77.5803,8.5,77.5,3799,227.4,69.5,0.0,26,57,15,14,1967
Tirupathur,Tamil Nadu,Tirupathur,,,12.5787,78.6266,12.5,78.75,1952,508.9,440.0,0.0,27,57,6,6,1967
Tiruppur,Tamil Nadu,Tiruppur,2479052.0,894908.0,10.7913,77.5348,11.0,77.5,5212,350.0,308.5,0.0,26,57,9,8,1967
Tiruvannamalai,Tamil Nadu,Tiruvannamalai,2464875.0,710163.0,12.4267,79.0022,12.5,78.75,6205,214.3,164.5,0.0,24,57,15,14,1967
Vellore,Tamil Nadu,Vellore,3936331.0,1140300.0,12.8635,79.0484,13.0,78.75,2160,390.5,332.0,0.0,27,57,15,12,1967
Viluppuram,Tamil Nadu,Viluppuram,3458873.0,967314.0,12.1209,79.597,12.0,79.375,4001,80.9,63.5,0.0,24,57,18,16,1967
Virudhunagar,Tamil Nadu,Virudhunagar,1942288.0,734724.0,9.4932,77.8663,9.5,78.125,4302,110.8,101.0,0.0,25,57,8,8,1967
Adilabad,Telangana,Adilabad,2741239.0,817714.0,19.5359,78.6249,19.5,78.75,4092,393.2,417.5,0.0,26,57,16,14,1967
Bhadradri,Telangana,Bhadradri,,,17.9127,80.6431,18.0,80.625,11002,185.7,156.0,0.0,27,57,6,5,1967
Hydrabad,Telangana,Hydrabad,3943323.0,1066289.0,17.4144,78.4673,17.5,78.75,282,535.8,523.0,0.0,5,57,21,18,1967
Jagtial,Telangana,Jagtial,,,18.8072,78.9343,19.0,78.75,2830,276.6,259.0,0.0,25,57,2,1,1967
Jangaon,Telangana,Jangaon,,,17.8202,79.2087,18.0,79.375,2412,358.6,339.5,0.0,24,57,2,1,1967
Jayashankar,Telangana,Jayashankar,,,18.518,79.9643,18.5,80.0,2888,166.7,169.0,0.0,25,57,5,3,1967
Jogulamba,Telangana,Jogulamba,,,16.0873,77.7318,16.0,77.5,2533,331.3,325.0,0.0,26,57,4,1,1967
Kamareddy,Telangana,Kamareddy,,,18.3144,78.0582,18.5,78.125,3611,468.6,469.0,0.0,25,57,3,2,1967
Karimnagar,Telangana,Karimnagar,3776269.0,1165280.0,18.4066,79.2134,18.5,79.375,2136,275.9,277.5,0.0,26,57,14,12,1967
Khammam,Telangana,Khammam,2797370.0,870625.0,17.1901,80.3966,17.0,80.625,4692,145.7,131.0,0.0,26,57,26,21,1967
Komaram Bheem,Telangana,Komaram Bheem,,,19.3332,79.4219,19.5,79.375,4512,278.4,233.0,0.0,25,57,4,3,1967
Mahabubabad,Telangana,Mahabubabad,,,17.729,80.0594,17.5,80.0,3603,235.7,215.0,0.0,25,57,5,3,1967
Mahabubnagar,Telangana,Mahabubnagar,4053028.0,1010015.0,16.7251,78.0588,16.5,78.125,2857,497.7,514.0,0.0,23,57,15,12,1967
Mancherial,Telangana,Mancherial,,,18.9846,79.5204,19.0,79.375,3775,189.7,177.5,0.0,22,57,3,1,1967
Medak,Telangana,Medak,3033288.0,789132.0,17.9496,78.1607,18.0,78.125,2824,522.4,528.0,0.0,27,57,13,9,1967
Medchal,Telangana,Medchal,,,17.53,78.5324,17.5,78.75,1069,555.1,565.5,0.0,18,57,4,2,1967
Mulugu,Telangana,Mulugu,,,18.3045,80.2034,18.5,80.0,3034,177.8,172.0,0.0,26,57,4,2,1967
Nagarkurnool,Telangana,Nagarkurnool,,,16.415,78.6845,16.5,78.75,6209,471.9,473.5,0.0,24,57,3,1,1967
Nalgonda,Telangana,Nalgonda,3488809.0,1030937.0,16.864,79.2257,17.0,79.375,7220,233.2,224.0,0.0,25,57,13,10,1967
Narayanpet,Telangana,Narayanpet,,,16.689,77.6163,16.5,77.5,2306,431.6,403.5,0.0,28,57,4,2,1967
Nirmal,Telangana,Nirmal,,,19.0931,78.3737,19.0,78.125,3744,337.0,340.5,0.0,24,57,3,2,1967
Nizamabad,Telangana,Nizamabad,2551335.0,720298.0,18.7155,78.2242,18.5,78.125,4333,407.6,386.0,0.0,27,57,15,12,1967
Peddapalli,Telangana,Peddapalli,,,18.6274,79.4983,18.5,79.375,2336,200.4,192.0,0.0,24,57,3,1,1967
Rajanna Sircilla,Telangana,Rajanna Sircilla,,,18.435,78.7674,18.5,78.75,1822,401.8,404.0,0.0,27,57,4,1,1967
Rangareddy,Telangana,Rangareddy,5296741.0,1561322.0,17.1373,78.4052,17.0,78.125,5102,572.7,585.5,0.0,26,57,5,2,1967
Sangareddy,Telangana,Sangareddy,,,17.8611,77.827,18.0,78.125,4412,549.3,531.0,0.0,23,57,6,2,1967
Siddipet,Telangana,Siddipet,,,18.037,78.9063,18.0,78.75,3740,483.6,487.0,0.0,27,57,5,2,1967
Suryapet,Telangana,Suryapet,,,17.0816,79.7988,17.0,80.0,3493,154.3,146.5,0.0,26,57,3,1,1967
Vikarabad,Telangana,Vikarabad,,,17.2689,77.7386,17.5,77.5,3629,557.9,571.0,0.0,25,57,6,3,1967
Wanaparthy,Telangana,Wanaparthy,,,16.2737,78.0027,16.5,78.125,2277,365.0,350.0,0.0,24,57,3,1,1967
Warangal (R),Telangana,Warangal (R),,,17.9274,79.8223,18.0,80.0,2048,242.9,245.0,0.0,25,57,0,0,1967
Warangal (U),Telangana,Warangal (U),3512576.0,1046987.0,18.0291,79.5332,18.0,79.375,1017,281.6,274.5,0.0,16,57,19,15,1967
Yadadri Bhongiri,Telangana,Yadadri Bhongiri,,,17.418,79.0895,17.5,79.375,3449,384.4,366.0,0.0,25,57,5,4,1967
Dhalai,Tripura,Dhalai,378230.0,103528.0,23.8356,91.9775,24.0,91.875,2172,129.6,121.0,0.0,25,57,14,8,1967
Gomati,Tripura,Gomati,,,23.4263,91.6376,23.5,91.875,1623,86.2,71.0,0.0,27,57,12,7,1967
Khowai,Tripura,Khowai,,,23.9567,91.647,24.0,91.875,1049,78.0,83.0,0.0,21,57,12,7,1967
North Tripura,Tripura,North Tripura,693947.0,192621.0,24.0958,92.2381,24.0,92.5,1360,135.6,108.0,0.0,28,57,17,10,1967
Sipahijula,Tripura,Sipahijula,,,23.5345,91.3056,23.5,91.25,1074,44.4,37.0,0.0,21,57,12,7,1967
South Tripura,Tripura,South Tripura,876001.0,264077.0,23.1813,91.6413,23.0,91.875,1475,50.6,44.0,0.0,27,57,14,9,1967
Unokoti,Tripura,Unokoti,,,24.1905,92.0425,24.0,91.875,659,85.9,95.0,0.0,13,57,12,7,1967
West Tripura,Tripura,West Tripura,1725739.0,506637.0,23.9176,91.391,24.0,91.25,943,55.2,38.0,0.0,18,57,18,16,1967
Agra,Uttar Pradesh,Agra,4418797.0,903823.0,27.0746,77.8922,27.0,78.125,4047,163.7,165.0,0.0,28,57,22,17,1967
Aligarh,Uttar Pradesh,Aligarh,3673889.0,858059.0,27.8741,78.1404,28.0,78.125,3529,185.3,184.0,0.0,27,57,20,15,1967
Allahabad,Uttar Pradesh,Allahabad,5954391.0,1248570.0,25.2815,81.9042,25.5,81.875,5488,102.2,98.0,0.0,25,57,33,25,1967
Ambedkar Nagar,Uttar Pradesh,Ambedkar Nagar,2397888.0,566590.0,26.4054,82.5688,26.5,82.5,2346,88.0,88.0,0.0,26,57,18,13,1967
Amethi,Uttar Pradesh,Amethi,,,26.3431,81.6369,26.5,81.875,2631,107.8,109.0,0.0,23,57,18,11,1967
Auraiya,Uttar Pradesh,Auraiya,1379545.0,314274.0,26.6581,79.5155,26.5,79.375,2014,141.1,143.0,0.0,28,57,17,12,1967
Azamgarh,Uttar Pradesh,Azamgarh,4613913.0,971458.0,26.0322,83.0323,26.0,83.125,4390,80.3,81.5,0.0,24,57,35,28,1967
Baghpat,Uttar Pradesh,Baghpat,1303048.0,316046.0,29.0355,77.3095,29.0,77.5,1351,226.0,227.5,0.0,26,57,19,13,1967
Bahraich,Uttar Pradesh,Bahraich,3487731.0,760262.0,27.7382,81.474,27.5,81.25,4899,125.7,120.0,0.0,23,57,38,28,1967
Ballia,Uttar Pradesh,Ballia,3239774.0,629381.0,25.8735,84.1289,26.0,84.375,3022,63.5,63.5,0.0,24,57,38,32,1967
Balrampur,Uttar Pradesh,Balrampur (Uttar Pradesh),2148665.0,445838.0,27.4474,82.4037,27.5,82.5,3250,119.4,110.5,0.0,26,57,22,16,1967
Banda,Uttar Pradesh,Banda,1799410.0,445625.0,25.4409,80.521,25.5,80.625,4573,123.5,119.0,0.0,26,57,22,16,1967
Bara Banki,Uttar Pradesh,Bara Banki,3260699.0,714908.0,26.9422,81.3855,27.0,81.25,3872,117.0,116.5,0.0,24,57,35,29,1967
Bareilly,Uttar Pradesh,Bareilly,4448359.0,994411.0,28.4622,79.4107,28.5,79.375,3833,174.5,174.5,0.0,26,57,28,21,1967
Basti,Uttar Pradesh,Basti,2464464.0,545025.0,26.8392,82.5238,27.0,82.5,2750,89.6,89.5,0.0,26,57,32,24,1967
Bijnor,Uttar Pradesh,Bijnor,3682713.0,908523.0,29.41,78.4959,29.5,78.75,4395,246.2,237.5,0.0,24,57,20,15,1967
Budaun,Uttar Pradesh,Budaun,3681896.0,867624.0,28.0657,79.0358,28.0,78.75,4252,169.5,169.5,0.0,26,57,23,17,1967
Bulandshahr,Uttar Pradesh,Bulandshahr,3499171.0,880077.0,28.3533,77.9665,28.5,78.125,3806,199.0,198.0,0.0,26,57,21,16,1967
Chandauli,Uttar Pradesh,Chandauli,1952756.0,395759.0,25.1235,83.2479,25.0,83.125,2544,150.0,80.5,0.0,22,57,16,11,1967
Chitrakoot,Uttar Pradesh,Chitrakoot,991730.0,230795.0,25.2139,81.1583,25.0,81.25,3122,160.5,126.5,0.0,26,57,18,13,1967
Deoria,Uttar Pradesh,Deoria,3100946.0,665706.0,26.426,83.7636,26.5,83.75,2566,73.5,73.0,0.0,26,57,33,25,1967
Etah,Uttar Pradesh,Etah,1774480.0,401998.0,27.5452,78.7719,27.5,78.75,2471,167.1,167.0,0.0,24,57,21,16,1967
Etawah,Uttar Pradesh,Etawah,1581810.0,351126.0,26.7125,79.0867,26.5,79.375,2400,144.0,148.0,0.0,24,57,26,22,1967
Faizabad,Uttar Pradesh,Faizabad,2470996.0,589666.0,26.6393,82.042,26.5,81.875,2682,102.7,104.0,0.0,26,57,34,28,1967
Farrukhabad,Uttar Pradesh,Farrukhabad,1885204.0,411490.0,27.4404,79.5002,27.5,79.375,2190,149.0,150.0,0.0,24,57,24,19,1967
Fatehpur,Uttar Pradesh,Fatehpur,2632733.0,636540.0,25.8334,80.9134,26.0,80.625,4194,114.9,115.5,0.0,22,57,25,19,1967
Firozabad,Uttar Pradesh,Firozabad,2498156.0,535368.0,27.1934,78.4881,27.0,78.75,2408,162.4,164.0,0.0,25,57,19,14,1967
Gautam Buddha Nagar,Uttar Pradesh,Gautam Buddha Nagar,1648115.0,509770.0,28.3557,77.57,28.5,77.5,1193,200.5,203.0,0.0,21,57,19,14,1967
Ghaziabad,Uttar Pradesh,Ghaziabad,4681645.0,1191723.0,28.7689,77.465,29.0,77.5,963,216.5,218.0,0.0,19,57,20,14,1967
Ghazipur,Uttar Pradesh,Ghazipur,3620268.0,761640.0,25.6019,83.5097,25.5,83.75,3397,70.4,71.0,0.0,26,57,27,21,1967
Gonda,Uttar Pradesh,Gonda,3433919.0,726372.0,27.1109,81.9275,27.0,81.875,4050,102.0,103.0,0.0,28,57,38,28,1967
Gorakhpur,Uttar Pradesh,Gorakhpur,4440895.0,951128.0,26.6792,83.3702,26.5,83.125,3375,79.1,79.0,0.0,26,57,37,30,1967
Hamirpur,Uttar Pradesh,Hamirpur (Uttar Pradesh),1104285.0,311381.0,25.8138,79.8671,26.0,80.0,4146,131.8,128.5,0.0,26,57,25,20,1967
Hapur,Uttar Pradesh,Hapur,,,28.7054,77.9141,28.5,78.125,1069,212.1,214.0,0.0,20,57,17,12,1967
Hardoi,Uttar Pradesh,Hardoi,4092845.0,907677.0,27.339,80.0998,27.5,80.0,6028,138.4,138.0,0.0,25,57,25,19,1967
Jalaun,Uttar Pradesh,Jalaun,1689974.0,396421.0,26.1055,79.3883,26.0,79.375,4526,139.6,141.0,0.0,25,57,20,14,1967
Jaunpur,Uttar Pradesh,Jaunpur,4494204.0,1006670.0,25.797,82.4897,26.0,82.5,4047,86.6,86.0,0.0,27,57,29,23,1967
Jhansi,Uttar Pradesh,Jhansi,1998603.0,504913.0,25.5274,78.6527,25.5,78.75,5123,203.6,194.0,0.0,25,57,15,10,1967
Jyotiba Phule Nagar,Uttar Pradesh,Jyotiba Phule Nagar,1840221.0,451374.0,28.7437,78.2803,28.5,78.125,2288,208.8,210.0,0.0,23,57,20,15,1967
Kannauj,Uttar Pradesh,Kannauj,1656616.0,365770.0,26.9922,79.6944,27.0,80.0,2087,143.6,144.0,0.0,24,57,16,11,1967
Kanpur Dehat,Uttar Pradesh,Kanpur Dehat,1796184.0,405256.0,26.4591,79.8654,26.5,80.0,3203,133.0,134.0,0.0,25,57,24,18,1967
Kanpur Nagar,Uttar Pradesh,Kanpur Nagar,4581268.0,1049775.0,26.4403,80.2728,26.5,80.0,2910,125.5,126.0,0.0,23,57,27,20,1967
Kanshiram Nagar,Uttar Pradesh,Kanshiram Nagar,1436719.0,343724.0,27.7949,78.8225,28.0,78.75,2023,166.8,167.0,0.0,25,57,17,12,1967
Kaushambi,Uttar Pradesh,Kaushambi,1599596.0,380620.0,25.5393,81.4577,25.5,81.25,1809,103.5,104.0,0.0,24,57,18,12,1967
Kheri,Uttar Pradesh,Kheri,4021243.0,862610.0,28.1836,80.716,28.0,80.625,7722,148.9,150.0,0.0,27,57,30,23,1967
Kushinagar,Uttar Pradesh,Kushinagar,3564544.0,785099.0,26.9186,83.8335,27.0,83.75,2894,85.4,85.0,0.0,21,57,18,12,1967
Lalitpur,Uttar Pradesh,Lalitpur,1221592.0,301832.0,24.6943,78.518,24.5,78.75,5073,360.3,365.0,0.0,25,57,16,10,1967
Lucknow,Uttar Pradesh,Lucknow,4589838.0,1061721.0,26.8323,80.9162,27.0,80.625,2550,122.0,122.0,0.0,27,57,29,22,1967
Mahamaya Nagar,Uttar Pradesh,Mahamaya Nagar,1564708.0,373033.0,27.5467,78.0851,27.5,78.125,1776,176.3,176.0,0.0,24,57,18,13,1967
Mahoba,Uttar Pradesh,Mahoba,875958.0,246823.0,25.355,79.7021,25.5,80.0,3072,187.0,187.0,0.0,23,57,15,10,1967
Mahrajganj,Uttar Pradesh,Mahrajganj,2684703.0,607079.0,27.1822,83.491,27.0,83.75,2922,93.0,93.0,0.0,26,57,17,10,1967
Mainpuri,Uttar Pradesh,Mainpuri,1868529.0,411258.0,27.2139,79.054,27.0,78.75,2643,155.9,156.5,0.0,28,57,22,17,1967
Mathura,Uttar Pradesh,Mathura,2547184.0,585290.0,27.599,77.5925,27.5,77.5,3370,181.3,181.0,0.0,27,57,25,20,1967
Mau,Uttar Pradesh,Mau,2205968.0,451528.0,26.0372,83.5156,26.0,83.75,1578,72.8,72.5,0.0,24,57,18,13,1967
Meerut,Uttar Pradesh,Meerut,3443689.0,803823.0,28.9944,77.7808,29.0,77.5,2628,223.8,224.0,0.0,27,57,20,15,1967
Mirzapur,Uttar Pradesh,Mirzapur,2496970.0,543115.0,24.932,82.6359,25.0,82.5,4464,154.1,142.0,0.0,23,57,30,22,1967
Moradabad,Uttar Pradesh,Moradabad,4772006.0,1047916.0,28.8864,78.7924,29.0,78.75,2340,203.2,202.5,0.0,24,57,24,19,1967
Muzaffarnagar,Uttar Pradesh,Muzaffarnagar,4143512.0,969850.0,29.4412,77.7437,29.5,77.5,2748,240.5,241.0,0.0,24,57,27,22,1967
Pilibhit,Uttar Pradesh,Pilibhit,2031007.0,461390.0,28.4994,80.0906,28.5,80.0,3788,181.2,183.0,0.0,24,57,26,19,1967
Pratapgarh,Uttar Pradesh,Pratapgarh (Uttar Pradesh),3209141.0,752786.0,25.8743,81.8331,26.0,81.875,3726,99.7,100.5,0.0,26,57,24,19,1967
Rae Bareli,Uttar Pradesh,Rae Bareli,3405559.0,778418.0,26.2075,81.1346,26.0,81.25,3966,114.6,115.0,0.0,25,57,19,14,1967
Rampur,Uttar Pradesh,Rampur,2335819.0,539992.0,28.7782,79.1912,29.0,79.375,2502,191.3,189.5,0.0,24,57,23,16,1967
Saharanpur,Uttar Pradesh,Saharanpur,3466382.0,889238.0,29.981,77.5032,30.0,77.5,3750,296.5,270.5,0.0,24,57,21,16,1967
Sambhal,Uttar Pradesh,Sambhal,,,28.4241,78.5517,28.5,78.75,2470,190.0,189.0,0.0,23,57,20,13,1967
Samli,Uttar Pradesh,Samli,,,29.4719,77.2828,29.5,77.5,1341,243.3,243.0,0.0,27,57,18,13,1967
Sant Kabir Nagar,Uttar Pradesh,Sant Kabir Nagar,1715183.0,352151.0,26.7574,83.0249,27.0,83.125,1751,82.6,83.0,0.0,25,57,20,14,1967
Sant Ravidas Nagar (Bhadohi),Uttar Pradesh,Sant Ravidas Nagar (Bhadohi),1578213.0,339507.0,25.3579,82.5021,25.5,82.5,1012,87.4,87.0,0.0,18,57,15,10,1967
Shahjahanpur,Uttar Pradesh,Shahjahanpur,3006538.0,655003.0,27.9197,79.7473,28.0,80.0,4496,157.7,158.0,0.0,26,57,23,17,1967
Shrawasti,Uttar Pradesh,Shrawasti,1117361.0,257274.0,27.6761,81.8871,27.5,81.875,1956,129.1,125.0,0.0,23,57,20,12,1967
Siddharthnagar,Uttar Pradesh,Siddharthnagar,2559297.0,513513.0,27.2602,82.8505,27.5,83.125,2928,90.9,90.0,0.0,25,57,20,13,1967
Sitapur,Uttar Pradesh,Sitapur,4483992.0,938902.0,27.5066,80.8347,27.5,80.625,5802,132.2,133.0,0.0,25,57,31,24,1967
Sonbhadra,Uttar Pradesh,Sonbhadra,1862559.0,428088.0,24.3972,83.0794,24.5,83.125,6910,304.2,297.0,0.0,26,57,19,14,1967
Sultanpur,Uttar Pradesh,Sultanpur,3797117.0,889628.0,26.2397,82.2931,26.0,82.5,2470,96.0,94.0,0.0,25,57,28,20,1967
Unnao,Uttar Pradesh,Unnao,3108367.0,717356.0,26.5731,80.616,26.5,80.625,4616,124.5,125.0,0.0,24,57,25,18,1967
Varanasi,Uttar Pradesh,Varanasi,3676841.0,755064.0,25.3763,82.9467,25.5,83.125,1552,78.6,80.0,0.0,25,57,33,27,1967
Almora,Uttarakhand,Almora,622506.0,281138.0,29.6992,79.4353,29.5,79.375,3126,1408.2,1383.0,0.0,26,57,16,14,1967
Bageshwar,Uttarakhand,Bageshwar,259898.0,99911.0,29.9886,79.7748,30.0,80.0,2281,2107.1,1736.5,0.0,30,57,8,6,1967
Chamoli,Uttarakhand,Chamoli,391605.0,186340.0,30.5011,79.6199,30.5,79.375,7897,3375.7,3281.0,0.0,23,57,21,20,1967
Champawat,Uttarakhand,Champawat,259648.0,98041.0,29.2364,80.1036,29.0,80.0,1745,1125.6,1118.0,0.0,28,57,6,5,1967
Dehradun,Uttarakhand,Dehradun,1696694.0,497638.0,30.4758,77.8616,30.5,78.125,3102,1062.3,778.5,0.0,24,57,17,16,1967
Garhwal,Uttarakhand,Garhwal,687271.0,316462.0,29.8427,78.7102,30.0,78.75,5309,1197.0,1181.5,0.0,26,57,16,14,1967
Hardwar,Uttarakhand,Hardwar,1890422.0,488011.0,29.8886,78.0069,30.0,78.125,2310,297.1,264.0,0.0,23,57,5,4,1967
Nainital,Uttarakhand,Nainital,954605.0,298663.0,29.2939,79.4343,29.5,79.375,4048,879.0,786.0,0.0,27,57,12,11,1967
Pithoragarh,Uttarakhand,Pithoragarh,483439.0,209943.0,30.1233,80.4791,30.0,80.625,7183,3277.3,3217.0,0.0,23,57,22,22,1967
Rudraprayag,Uttarakhand,Rudraprayag,242285.0,117159.0,30.4858,79.0304,30.5,78.75,1943,2456.5,2447.0,0.0,23,57,8,7,1967
Tehri Garhwal,Uttarakhand,Tehri Garhwal,618931.0,254236.0,30.4607,78.4875,30.5,78.75,3930,1846.7,1661.5,0.0,26,57,17,16,1967
Udham Singh Nagar,Uttarakhand,Udham Singh Nagar,1648902.0,414659.0,29.0412,79.4379,29.0,79.375,2554,229.7,226.0,0.0,26,57,7,6,1967
Uttarkashi,Uttarakhand,Uttarkashi,330086.0,121209.0,30.9573,78.6316,31.0,78.75,7980,3645.7,3677.5,0.0,24,57,15,14,1967
Alipurduar,West Bengal,Alipurduar,,,26.6306,89.4566,26.5,89.375,2813,114.6,88.0,0.0,23,57,0,0,1967
Bankura,West Bengal,Bankura,3596674.0,991400.0,23.1325,87.2053,23.0,87.5,6980,101.0,97.0,0.0,24,57,14,13,1967
Barddhaman,West Bengal,Barddhaman,7717563.0,2227236.0,23.3929,87.9083,23.5,88.125,5407,29.9,29.0,0.0,25,57,20,15,1967
Birbhum,West Bengal,Birbhum,3502404.0,965609.0,24.0615,87.6971,24.0,87.5,4566,55.5,47.5,0.0,24,57,18,16,1967
Dakshin Dinajpur,West Bengal,Dakshin Dinajpur,1676276.0,461026.0,25.3833,88.5097,25.5,88.75,2186,30.5,30.5,0.0,26,57,23,18,1967
Darjiling,West Bengal,Darjiling,1846823.0,518959.0,26.8364,88.3111,27.0,88.125,2087,930.4,689.5,0.0,26,57,39,30,1967
Haora,West Bengal,Haora,4850029.0,1352697.0,22.492,88.029,22.5,88.125,1455,6.1,6.0,92.6,27,57,21,16,1967
Hugli,West Bengal,Hugli,5519145.0,1640038.0,22.9136,88.0159,23.0,88.125,3160,13.8,14.0,27.3,22,57,24,16,1967
Jalpaiguri,West Bengal,Jalpaiguri,3872846.0,1117804.0,26.651,88.7272,26.5,88.75,3416,130.8,98.5,0.0,26,57,35,23,1967
Jhargram,West Bengal,Jhargram,,,22.3337,86.9956,22.5,86.875,3105,81.4,76.5,0.0,24,57,0,0,1967
Kalimpong,West Bengal,Kalimpong,,,27.0293,88.6505,27.0,88.75,1112,1052.4,923.0,0.0,21,57,4,2,1967
Koch Bihar,West Bengal,Koch Bihar,2819086.0,900738.0,26.2562,89.4215,26.5,89.375,3297,47.6,45.0,0.0,26,57,25,16,1967
Kolkata,West Bengal,Kolkata,4496694.0,1308106.0,22.569,88.3734,22.5,88.125,92,8.0,7.0,66.7,3,57,28,19,1967
Maldah,West Bengal,Maldah,3988845.0,958996.0,25.0959,88.1118,25.0,88.125,3579,27.8,28.0,0.0,26,57,29,23,1967
Murshidabad,West Bengal,Murshidabad,7103807.0,1851965.0,24.2889,88.3716,24.5,88.125,5551,20.8,19.0,0.0,24,57,26,19,1967
Nadia,West Bengal,Nadia,5167600.0,1549771.0,23.487,88.5586,23.5,88.75,3837,14.3,14.0,16.0,25,57,25,21,1967
North Twenty Four Parganas,West Bengal,North Twenty Four Parganas,10009781.0,2859140.0,22.7162,88.6464,22.5,88.75,3956,7.1,7.0,64.0,25,57,31,23,1967
Paschim Barddhaman,West Bengal,Paschim Barddhaman,,,23.6442,87.1584,23.5,86.875,1642,100.0,98.0,0.0,24,57,5,2,1967
Paschim Medinipur,West Bengal,Paschim Medinipur,5913457.0,1565383.0,22.3589,87.4121,22.5,87.5,6302,32.9,24.0,7.7,26,57,16,13,1967
Purba Medinipur,West Bengal,Purba Medinipur,5095875.0,1363713.0,22.0676,87.8329,22.0,88.125,4215,6.6,6.0,88.0,25,57,33,25,1967
Puruliya,West Bengal,Puruliya,2930115.0,752652.0,23.2025,86.3009,23.0,86.25,6274,231.2,212.5,0.0,26,57,12,9,1967
South Twenty Four Parganas,West Bengal,South Twenty Four Parganas,8161961.0,2180232.0,22.0639,88.6219,22.0,88.75,9639,3.7,4.0,96.2,26,57,29,21,1967
Uttar Dinajpur,West Bengal,Uttar Dinajpur,3007134.0,778250.0,25.8705,87.9696,26.0,88.125,3136,46.1,39.5,0.0,26,57,7,5,1967
