region,sid,name,season,max_wind_kt,min_dist_km,wind_source
Puducherry,1981298N07083,UNNAMED,1981,45.0,34,US agencies (1-min)
Puducherry,1982287N13091,UNNAMED,1982,50.0,11,US agencies (1-min)
Puducherry,1984314N09088,UNNAMED,1984,80.0,81,US agencies (1-min)
Puducherry,1984332N08086,UNNAMED,1984,75.0,23,US agencies (1-min)
Puducherry,1991313N10095,UNNAMED,1991,40.0,23,US agencies (1-min)
Puducherry,1993331N07108,UNNAMED,1993,70.0,16,US agencies (1-min)
Puducherry,1994302N11086,UNNAMED,1994,43.0,93,US agencies (1-min)
Puducherry,1996163N08088,UNNAMED,1996,45.0,49,US agencies (1-min)
Puducherry,1996306N15097,UNNAMED,1996,115.0,13,US agencies (1-min)
Puducherry,1996332N09092,UNNAMED,1996,40.0,39,US agencies (1-min)
Puducherry,1997263N14084,UNNAMED,1997,35.0,89,US agencies (1-min)
Puducherry,2000331N09092,UNNAMED,2000,65.0,24,US agencies (1-min)
Puducherry,2005338N09093,FANOOS,2005,55.0,48,US agencies (1-min)
Puducherry,2008329N09082,NISHA,2008,50.0,28,US agencies (1-min)
Puducherry,2010137N10090,LAILA,2010,35.0,95,US agencies (1-min)
Puducherry,2011360N09088,THANE,2011,75.0,15,US agencies (1-min)
Puducherry,2012301N11087,NILAM,2012,50.0,72,US agencies (1-min)
Puducherry,2013322N13090,HELEN,2013,65.0,51,US agencies (1-min)
Puducherry,2016138N10081,ROANU,2016,50.0,73,US agencies (1-min)
Puducherry,2016335N07088,NADA,2016,35.0,82,US agencies (1-min)
Puducherry,2018314N12093,GAJA,2018,80.0,39,US agencies (1-min)
Puducherry,2018347N07089,PHETHAI,2018,40.0,8,US agencies (1-min)
Puducherry,2020327N08086,NIVAR,2020,65.0,30,US agencies (1-min)
Puducherry,2022338N05100,MANDOUS,2022,40.0,84,US agencies (1-min)
Puducherry,2024329N04089,FENGAL,2024,45.0,2,US agencies (1-min)
Maharashtra,1982309N12066,UNNAMED,1982,50.0,97,US agencies (1-min)
Maharashtra,1985282N12090,UNNAMED,1985,35.0,39,IMD (3-min)
Maharashtra,1990124N09088,UNNAMED,1990,50.0,0,US agencies (1-min)
Maharashtra,1992311N06107,UNNAMED,1992,35.0,98,US agencies (1-min)
Maharashtra,2009313N11072,PHYAN,2009,50.0,0,US agencies (1-min)
Maharashtra,2011160N18070,UNNAMED,2011,35.0,75,US agencies (1-min)
Maharashtra,2014279N11096,HUDHUD,2014,55.0,76,US agencies (1-min)
Maharashtra,2020153N13072,NISARGA,2020,85.0,0,US agencies (1-min)
Maharashtra,2021133N10071,TAUKTAE,2021,108.0,70,US agencies (1-min)
Nagaland,1991150N14091,UNNAMED,1991,35.0,49,US agencies (1-min)
Nagaland,1997133N03092,UNNAMED,1997,65.0,0,US agencies (1-min)
Nagaland,1997263N14084,UNNAMED,1997,35.0,73,US agencies (1-min)
Nagaland,2017147N14087,MORA,2017,35.0,83,US agencies (1-min)
Lakshadweep,1981298N07083,UNNAMED,1981,60.0,55,US agencies (1-min)
Lakshadweep,1998152N11075,UNNAMED,1998,35.0,1,US agencies (1-min)
Lakshadweep,2004125N11074,UNNAMED,2004,45.0,8,US agencies (1-min)
Lakshadweep,2017333N06082,OCKHI,2017,83.0,65,US agencies (1-min)
Lakshadweep,2018314N12093,GAJA,2018,40.0,20,US agencies (1-min)
Lakshadweep,2019301N05081,MAHA,2019,53.0,16,US agencies (1-min)
Lakshadweep,2021133N10071,TAUKTAE,2021,48.0,12,US agencies (1-min)
Tamil Nadu,1981298N07083,UNNAMED,1981,40.0,6,US agencies (1-min)
Tamil Nadu,1982290N09084,UNNAMED,1982,45.0,29,US agencies (1-min)
Tamil Nadu,1984314N09088,UNNAMED,1984,85.0,1,US agencies (1-min)
Tamil Nadu,1984332N08086,UNNAMED,1984,75.0,0,US agencies (1-min)
Tamil Nadu,1985317N12082,UNNAMED,1985,53.0,75,US agencies (1-min)
Tamil Nadu,1985343N04090,UNNAMED,1985,48.0,45,US agencies (1-min)
Tamil Nadu,1991313N10095,UNNAMED,1991,40.0,0,US agencies (1-min)
Tamil Nadu,1992311N06107,UNNAMED,1992,70.0,0,US agencies (1-min)
Tamil Nadu,1993331N07108,UNNAMED,1993,70.0,0,US agencies (1-min)
Tamil Nadu,1994302N11086,UNNAMED,1994,45.0,0,US agencies (1-min)
Tamil Nadu,1996163N08088,UNNAMED,1996,45.0,99,US agencies (1-min)
Tamil Nadu,1996332N09092,UNNAMED,1996,55.0,0,US agencies (1-min)
Tamil Nadu,2000331N09092,UNNAMED,2000,65.0,0,US agencies (1-min)
Tamil Nadu,2000358N08086,UNNAMED,2000,58.0,0,US agencies (1-min)
Tamil Nadu,2001288N13084,UNNAMED,2001,35.0,50,IMD (3-min)
Tamil Nadu,2005338N09093,FANOOS,2005,55.0,0,US agencies (1-min)
Tamil Nadu,2008329N09082,NISHA,2008,50.0,0,US agencies (1-min)
Tamil Nadu,2010305N06105,JAL,2010,40.0,0,US agencies (1-min)
Tamil Nadu,2011360N09088,THANE,2011,75.0,0,US agencies (1-min)
Tamil Nadu,2012301N11087,NILAM,2012,50.0,0,US agencies (1-min)
Tamil Nadu,2016138N10081,ROANU,2016,40.0,95,US agencies (1-min)
Tamil Nadu,2016335N07088,NADA,2016,35.0,82,US agencies (1-min)
Tamil Nadu,2016341N08092,VARDAH,2016,80.0,0,US agencies (1-min)
Tamil Nadu,2017333N06082,OCKHI,2017,53.0,63,US agencies (1-min)
Tamil Nadu,2018314N12093,GAJA,2018,80.0,0,US agencies (1-min)
Tamil Nadu,2020327N08086,NIVAR,2020,65.0,0,US agencies (1-min)
Tamil Nadu,2020335N06090,BUREVI,2020,35.0,0,US agencies (1-min)
Tamil Nadu,2021312N07090,UNNAMED,2021,40.0,16,US agencies (1-min)
Tamil Nadu,2022338N05100,MANDOUS,2022,40.0,22,US agencies (1-min)
Tamil Nadu,2023334N08088,MICHAUNG,2023,65.0,49,US agencies (1-min)
Tamil Nadu,2024329N04089,FENGAL,2024,45.0,0,US agencies (1-min)
Chhattisgarh,1983274N18089,UNNAMED,1983,48.0,33,US agencies (1-min)
Chhattisgarh,1985282N12090,UNNAMED,1985,35.0,0,US agencies (1-min)
Chhattisgarh,1990124N09088,UNNAMED,1990,45.0,58,US agencies (1-min)
Chhattisgarh,1995310N09096,UNNAMED,1995,40.0,36,US agencies (1-min)
Chhattisgarh,1996163N08088,UNNAMED,1996,43.0,32,US agencies (1-min)
Chhattisgarh,1996306N15097,UNNAMED,1996,80.0,77,US agencies (1-min)
Chhattisgarh,1998317N11087,UNNAMED,1998,80.0,0,US agencies (1-min)
Chhattisgarh,2003345N05092,UNNAMED,2003,35.0,54,US agencies (1-min)
Chhattisgarh,2005260N20091,UNNAMED,2005,35.0,92,IMD (3-min)
Chhattisgarh,2007178N18089,UNNAMED,2007,35.0,35,US agencies (1-min)
Chhattisgarh,2008259N20089,UNNAMED,2008,35.0,97,US agencies (1-min)
Chhattisgarh,2013281N12098,PHAILIN,2013,63.0,0,US agencies (1-min)
Chhattisgarh,2014279N11096,HUDHUD,2014,93.0,0,US agencies (1-min)
Chhattisgarh,2018263N17089,DAYE,2018,35.0,92,US agencies (1-min)
Gujarat,1981298N07083,UNNAMED,1981,48.0,0,US agencies (1-min)
Gujarat,1982309N12066,UNNAMED,1982,83.0,0,US agencies (1-min)
Gujarat,1985148N15067,UNNAMED,1985,43.0,2,US agencies (1-min)
Gujarat,1993316N11070,UNNAMED,1993,45.0,78,US agencies (1-min)
Gujarat,1996167N16072,UNNAMED,1996,65.0,0,US agencies (1-min)
Gujarat,1996288N09092,UNNAMED,1996,40.0,95,US agencies (1-min)
Gujarat,1998152N11075,UNNAMED,1998,105.0,0,US agencies (1-min)
Gujarat,1998285N14068,UNNAMED,1998,35.0,17,US agencies (1-min)
Gujarat,1999135N12073,UNNAMED,1999,110.0,0,US agencies (1-min)
Gujarat,2001141N14068,UNNAMED,2001,55.0,0,US agencies (1-min)
Gujarat,2007172N15088,UNNAMED,2007,35.0,93,US agencies (1-min)
Gujarat,2009313N11072,PHYAN,2009,40.0,75,US agencies (1-min)
Gujarat,2011160N18070,UNNAMED,2011,35.0,67,US agencies (1-min)
Gujarat,2019160N11073,VAYU,2019,98.0,99,US agencies (1-min)
Gujarat,2020153N13072,NISARGA,2020,60.0,90,US agencies (1-min)
Gujarat,2021133N10071,TAUKTAE,2021,115.0,0,US agencies (1-min)
Gujarat,2023156N10067,BIPARJOY,2023,55.0,0,US agencies (1-min)
Gujarat,2024238N25077,ASNA,2024,40.0,0,US agencies (1-min)
Tripura,1985142N16089,UNNAMED,1985,45.0,0,US agencies (1-min)
Tripura,1986308N11090,UNNAMED,1986,35.0,56,US agencies (1-min)
Tripura,1987150N13095,UNNAMED,1987,40.0,51,US agencies (1-min)
Tripura,1988327N06100,UNNAMED,1988,60.0,97,US agencies (1-min)
Tripura,1991113N10091,UNNAMED,1991,123.0,49,US agencies (1-min)
Tripura,1991150N14091,UNNAMED,1991,50.0,0,US agencies (1-min)
Tripura,1997133N03092,UNNAMED,1997,115.0,42,US agencies (1-min)
Tripura,1997263N14084,UNNAMED,1997,65.0,11,US agencies (1-min)
Tripura,1998133N04086,UNNAMED,1998,60.0,52,US agencies (1-min)
Tripura,1998320N10102,UNNAMED,1998,35.0,70,US agencies (1-min)
Tripura,2007133N15091,AKASH,2007,45.0,59,US agencies (1-min)
Tripura,2007314N10093,SIDR,2007,80.0,17,US agencies (1-min)
Tripura,2013130N04093,MAHASEN:VIYARU,2013,40.0,2,US agencies (1-min)
Tripura,2015207N22091,KOMEN,2015,45.0,44,US agencies (1-min)
Tripura,2016138N10081,ROANU,2016,48.0,20,US agencies (1-min)
Tripura,2017147N14087,MORA,2017,55.0,0,US agencies (1-min)
Tripura,2019302N11118,BULBUL:MATMO,2019,40.0,78,US agencies (1-min)
Tripura,2022295N13093,SITRANG,2022,35.0,27,US agencies (1-min)
West Bengal,1981339N11089,UNNAMED,1981,53.0,0,US agencies (1-min)
West Bengal,1984285N17089,UNNAMED,1984,35.0,78,US agencies (1-min)
West Bengal,1985287N13093,UNNAMED,1985,50.0,69,US agencies (1-min)
West Bengal,1986308N11090,UNNAMED,1986,50.0,16,US agencies (1-min)
West Bengal,1988327N06100,UNNAMED,1988,110.0,0,US agencies (1-min)
West Bengal,1989143N17090,UNNAMED,1989,55.0,0,US agencies (1-min)
West Bengal,1995255N14104,UNNAMED,1995,45.0,14,US agencies (1-min)
West Bengal,1996296N09093,UNNAMED,1996,45.0,15,US agencies (1-min)
West Bengal,1997263N14084,UNNAMED,1997,60.0,49,US agencies (1-min)
West Bengal,1998320N10102,UNNAMED,1998,65.0,11,US agencies (1-min)
West Bengal,1999159N18091,UNNAMED,1999,35.0,0,US agencies (1-min)
West Bengal,1999288N15093,UNNAMED,1999,40.0,81,US agencies (1-min)
West Bengal,2000299N13093,UNNAMED,2000,35.0,1,US agencies (1-min)
West Bengal,2002314N12083,UNNAMED,2002,55.0,0,US agencies (1-min)
West Bengal,2005274N17086,UNNAMED,2005,40.0,1,US agencies (1-min)
West Bengal,2007314N10093,SIDR,2007,130.0,48,US agencies (1-min)
West Bengal,2008259N20089,UNNAMED,2008,45.0,76,US agencies (1-min)
West Bengal,2008298N16085,RASHMI,2008,45.0,67,US agencies (1-min)
West Bengal,2009104N13088,BIJLI,2009,50.0,76,US agencies (1-min)
West Bengal,2009143N17089,AILA,2009,65.0,0,US agencies (1-min)
West Bengal,2009247N19089,UNNAMED,2009,40.0,0,US agencies (1-min)
West Bengal,2011167N22089,UNNAMED,2011,35.0,0,IMD (3-min)
West Bengal,2016138N10081,ROANU,2016,60.0,81,US agencies (1-min)
West Bengal,2019116N02090,FANI,2019,75.0,0,US agencies (1-min)
West Bengal,2019302N11118,BULBUL:MATMO,2019,105.0,1,US agencies (1-min)
West Bengal,2020136N10088,AMPHAN,2020,95.0,0,US agencies (1-min)
West Bengal,2021143N15090,YAAS,2021,58.0,36,US agencies (1-min)
West Bengal,2022230N18095,UNNAMED,2022,45.0,0,US agencies (1-min)
West Bengal,2023317N10094,MIDHILI,2023,40.0,62,US agencies (1-min)
West Bengal,2024145N14087,REMAL,2024,60.0,0,US agencies (1-min)
West Bengal,2024295N15092,DANA,2024,55.0,78,US agencies (1-min)
Odisha,1981339N11089,UNNAMED,1981,58.0,27,US agencies (1-min)
Odisha,1982150N13087,UNNAMED,1982,55.0,0,US agencies (1-min)
Odisha,1983274N18089,UNNAMED,1983,50.0,0,US agencies (1-min)
Odisha,1984285N17089,UNNAMED,1984,40.0,0,US agencies (1-min)
Odisha,1985262N18090,UNNAMED,1985,45.0,0,IMD (3-min)
Odisha,1985282N12090,UNNAMED,1985,50.0,0,US agencies (1-min)
Odisha,1985287N13093,UNNAMED,1985,50.0,0,US agencies (1-min)
Odisha,1989143N17090,UNNAMED,1989,55.0,0,US agencies (1-min)
Odisha,1992167N12088,UNNAMED,1992,45.0,0,US agencies (1-min)
Odisha,1992207N18090,UNNAMED,1992,40.0,0,US agencies (1-min)
Odisha,1995255N14104,UNNAMED,1995,45.0,0,US agencies (1-min)
Odisha,1995310N09096,UNNAMED,1995,63.0,0,US agencies (1-min)
Odisha,1996163N08088,UNNAMED,1996,45.0,0,US agencies (1-min)
Odisha,1996306N15097,UNNAMED,1996,80.0,95,US agencies (1-min)
Odisha,1997263N14084,UNNAMED,1997,55.0,87,US agencies (1-min)
Odisha,1998317N11087,UNNAMED,1998,85.0,0,US agencies (1-min)
Odisha,1999159N18091,UNNAMED,1999,35.0,14,US agencies (1-min)
Odisha,1999288N15093,UNNAMED,1999,120.0,0,US agencies (1-min)
Odisha,1999298N12099,UNNAMED,1999,140.0,0,US agencies (1-min)
Odisha,2002314N12083,UNNAMED,2002,55.0,50,US agencies (1-min)
Odisha,2003345N05092,UNNAMED,2003,35.0,65,US agencies (1-min)
Odisha,2005260N20091,UNNAMED,2005,35.0,0,IMD (3-min)
Odisha,2005274N17086,UNNAMED,2005,40.0,36,US agencies (1-min)
Odisha,2006182N20088,UNNAMED,2006,35.0,50,US agencies (1-min)
Odisha,2007178N18089,UNNAMED,2007,45.0,0,US agencies (1-min)
Odisha,2008259N20089,UNNAMED,2008,45.0,0,US agencies (1-min)
Odisha,2009143N17089,AILA,2009,65.0,74,US agencies (1-min)
Odisha,2009247N19089,UNNAMED,2009,40.0,37,US agencies (1-min)
Odisha,2013281N12098,PHAILIN,2013,130.0,0,US agencies (1-min)
Odisha,2014279N11096,HUDHUD,2014,115.0,0,US agencies (1-min)
Odisha,2016138N10081,ROANU,2016,55.0,64,US agencies (1-min)
Odisha,2018263N17089,DAYE,2018,35.0,0,US agencies (1-min)
Odisha,2018281N14088,TITLI,2018,105.0,0,US agencies (1-min)
Odisha,2019116N02090,FANI,2019,145.0,0,US agencies (1-min)
Odisha,2019302N11118,BULBUL:MATMO,2019,105.0,67,US agencies (1-min)
Odisha,2020136N10088,AMPHAN,2020,95.0,68,US agencies (1-min)
Odisha,2021143N15090,YAAS,2021,65.0,0,US agencies (1-min)
Odisha,2021267N18094,GULAB:SHAHEEN-GU,2021,40.0,36,US agencies (1-min)
Odisha,2022230N18095,UNNAMED,2022,40.0,13,US agencies (1-min)
Odisha,2024295N15092,DANA,2024,65.0,0,US agencies (1-min)
Bihar,2009143N17089,AILA,2009,35.0,96,US agencies (1-min)
Rajasthan,1982309N12066,UNNAMED,1982,35.0,51,IMD (3-min)
Rajasthan,1999135N12073,UNNAMED,1999,60.0,0,US agencies (1-min)
Rajasthan,2021133N10071,TAUKTAE,2021,50.0,0,US agencies (1-min)
Rajasthan,2023156N10067,BIPARJOY,2023,40.0,21,US agencies (1-min)
Telangana,1982287N13091,UNNAMED,1982,40.0,58,US agencies (1-min)
Telangana,1985317N12082,UNNAMED,1985,40.0,48,US agencies (1-min)
Telangana,1987287N12089,UNNAMED,1987,40.0,53,US agencies (1-min)
Telangana,1987312N09095,UNNAMED,1987,40.0,1,US agencies (1-min)
Telangana,1989305N07105,GAY,1989,68.0,64,US agencies (1-min)
Telangana,1990124N09088,UNNAMED,1990,95.0,0,US agencies (1-min)
Telangana,1992279N10097,UNNAMED,1992,40.0,32,US agencies (1-min)
Telangana,1996306N15097,UNNAMED,1996,115.0,0,US agencies (1-min)
Telangana,2003345N05092,UNNAMED,2003,50.0,0,US agencies (1-min)
Telangana,2006300N07078,UNNAMED,2006,40.0,83,US agencies (1-min)
Telangana,2010137N10090,LAILA,2010,55.0,46,US agencies (1-min)
Telangana,2023334N08088,MICHAUNG,2023,50.0,0,US agencies (1-min)
Andhra Pradesh,1982287N13091,UNNAMED,1982,50.0,0,US agencies (1-min)
Andhra Pradesh,1982290N09084,UNNAMED,1982,45.0,0,US agencies (1-min)
Andhra Pradesh,1983274N18089,UNNAMED,1983,50.0,0,US agencies (1-min)
Andhra Pradesh,1984314N09088,UNNAMED,1984,85.0,0,US agencies (1-min)
Andhra Pradesh,1985282N12090,UNNAMED,1985,50.0,0,US agencies (1-min)
Andhra Pradesh,1985317N12082,UNNAMED,1985,55.0,0,US agencies (1-min)
Andhra Pradesh,1985343N04090,UNNAMED,1985,45.0,0,US agencies (1-min)
Andhra Pradesh,1987287N12089,UNNAMED,1987,45.0,0,US agencies (1-min)
Andhra Pradesh,1987303N06088,UNNAMED,1987,55.0,0,US agencies (1-min)
Andhra Pradesh,1987312N09095,UNNAMED,1987,50.0,0,US agencies (1-min)
Andhra Pradesh,1989203N18086,UNNAMED,1989,45.0,92,IMD (3-min)
Andhra Pradesh,1989305N07105,GAY,1989,140.0,0,US agencies (1-min)
Andhra Pradesh,1990124N09088,UNNAMED,1990,120.0,0,US agencies (1-min)
Andhra Pradesh,1992279N10097,UNNAMED,1992,45.0,0,US agencies (1-min)
Andhra Pradesh,1993331N07108,UNNAMED,1993,55.0,66,US agencies (1-min)
Andhra Pradesh,1994302N11086,UNNAMED,1994,45.0,18,US agencies (1-min)
Andhra Pradesh,1995310N09096,UNNAMED,1995,70.0,0,US agencies (1-min)
Andhra Pradesh,1996163N08088,UNNAMED,1996,45.0,0,US agencies (1-min)
Andhra Pradesh,1996306N15097,UNNAMED,1996,115.0,0,US agencies (1-min)
Andhra Pradesh,1996332N09092,UNNAMED,1996,55.0,43,US agencies (1-min)
Andhra Pradesh,1997263N14084,UNNAMED,1997,35.0,52,US agencies (1-min)
Andhra Pradesh,1998317N11087,UNNAMED,1998,85.0,0,US agencies (1-min)
Andhra Pradesh,1999288N15093,UNNAMED,1999,120.0,14,US agencies (1-min)
Andhra Pradesh,1999298N12099,UNNAMED,1999,35.0,88,US agencies (1-min)
Andhra Pradesh,2001288N13084,UNNAMED,2001,35.0,0,IMD (3-min)
Andhra Pradesh,2003345N05092,UNNAMED,2003,55.0,0,US agencies (1-min)
Andhra Pradesh,2005260N20091,UNNAMED,2005,35.0,0,IMD (3-min)
Andhra Pradesh,2006300N07078,UNNAMED,2006,55.0,0,US agencies (1-min)
Andhra Pradesh,2008317N11089,KHAI-MUK,2008,40.0,0,US agencies (1-min)
Andhra Pradesh,2008329N09082,NISHA,2008,40.0,83,US agencies (1-min)
Andhra Pradesh,2010137N10090,LAILA,2010,55.0,0,US agencies (1-min)
Andhra Pradesh,2010305N06105,JAL,2010,38.0,26,US agencies (1-min)
Andhra Pradesh,2011360N09088,THANE,2011,45.0,51,US agencies (1-min)
Andhra Pradesh,2012301N11087,NILAM,2012,50.0,4,US agencies (1-min)
Andhra Pradesh,2013281N12098,PHAILIN,2013,130.0,35,US agencies (1-min)
Andhra Pradesh,2013322N13090,HELEN,2013,65.0,6,US agencies (1-min)
Andhra Pradesh,2013324N07103,LEHAR,2013,35.0,25,US agencies (1-min)
Andhra Pradesh,2014279N11096,HUDHUD,2014,115.0,0,US agencies (1-min)
Andhra Pradesh,2016138N10081,ROANU,2016,53.0,60,US agencies (1-min)
Andhra Pradesh,2016341N08092,VARDAH,2016,80.0,4,US agencies (1-min)
Andhra Pradesh,2018263N17089,DAYE,2018,35.0,36,US agencies (1-min)
Andhra Pradesh,2018281N14088,TITLI,2018,105.0,0,US agencies (1-min)
Andhra Pradesh,2018347N07089,PHETHAI,2018,40.0,6,US agencies (1-min)
Andhra Pradesh,2019116N02090,FANI,2019,148.0,68,US agencies (1-min)
Andhra Pradesh,2020327N08086,NIVAR,2020,50.0,0,US agencies (1-min)
Andhra Pradesh,2021267N18094,GULAB:SHAHEEN-GU,2021,40.0,0,US agencies (1-min)
Andhra Pradesh,2021312N07090,UNNAMED,2021,40.0,66,US agencies (1-min)
Andhra Pradesh,2022126N07095,ASANI,2022,45.0,11,US agencies (1-min)
Andhra Pradesh,2022338N05100,MANDOUS,2022,35.0,96,US agencies (1-min)
Andhra Pradesh,2023334N08088,MICHAUNG,2023,65.0,0,US agencies (1-min)
Mizoram,1981321N13092,UNNAMED,1981,50.0,82,US agencies (1-min)
Mizoram,1983309N10091,UNNAMED,1983,55.0,0,US agencies (1-min)
Mizoram,1985142N16089,UNNAMED,1985,45.0,0,US agencies (1-min)
Mizoram,1991113N10091,UNNAMED,1991,123.0,0,US agencies (1-min)
Mizoram,1991150N14091,UNNAMED,1991,48.0,2,US agencies (1-min)
Mizoram,1994117N07096,UNNAMED,1994,95.0,0,US agencies (1-min)
Mizoram,1995323N05097,UNNAMED,1995,65.0,32,US agencies (1-min)
Mizoram,1996122N08092,UNNAMED,1996,40.0,21,US agencies (1-min)
Mizoram,1997133N03092,UNNAMED,1997,115.0,5,US agencies (1-min)
Mizoram,1997263N14084,UNNAMED,1997,65.0,0,US agencies (1-min)
Mizoram,1998133N04086,UNNAMED,1998,65.0,0,US agencies (1-min)
Mizoram,2007133N15091,AKASH,2007,55.0,0,US agencies (1-min)
Mizoram,2009104N13088,BIJLI,2009,45.0,0,US agencies (1-min)
Mizoram,2013130N04093,MAHASEN:VIYARU,2013,38.0,0,US agencies (1-min)
Mizoram,2016138N10081,ROANU,2016,48.0,38,US agencies (1-min)
Mizoram,2017147N14087,MORA,2017,68.0,9,US agencies (1-min)
Mizoram,2023129N08091,MOCHA,2023,73.0,94,US agencies (1-min)
Mizoram,2023293N12089,HAMOON,2023,35.0,38,US agencies (1-min)
Arunachal Pradesh,1997133N03092,UNNAMED,1997,58.0,15,US agencies (1-min)
Meghalaya,1991150N14091,UNNAMED,1991,40.0,53,US agencies (1-min)
Meghalaya,1997263N14084,UNNAMED,1997,50.0,85,US agencies (1-min)
Meghalaya,2017147N14087,MORA,2017,40.0,0,US agencies (1-min)
Meghalaya,2020136N10088,AMPHAN,2020,50.0,21,US agencies (1-min)
Jharkhand,1982150N13087,UNNAMED,1982,43.0,0,US agencies (1-min)
Jharkhand,1985287N13093,UNNAMED,1985,40.0,65,US agencies (1-min)
Jharkhand,1989143N17090,UNNAMED,1989,53.0,25,US agencies (1-min)
Jharkhand,1995255N14104,UNNAMED,1995,43.0,0,US agencies (1-min)
Jharkhand,1995310N09096,UNNAMED,1995,35.0,29,US agencies (1-min)
Jharkhand,1999159N18091,UNNAMED,1999,35.0,37,US agencies (1-min)
Jharkhand,1999288N15093,UNNAMED,1999,40.0,36,US agencies (1-min)
Jharkhand,2008259N20089,UNNAMED,2008,45.0,28,US agencies (1-min)
Jharkhand,2009143N17089,AILA,2009,40.0,41,US agencies (1-min)
Jharkhand,2009247N19089,UNNAMED,2009,40.0,42,US agencies (1-min)
Jharkhand,2013281N12098,PHAILIN,2013,50.0,12,US agencies (1-min)
Jharkhand,2019116N02090,FANI,2019,65.0,56,US agencies (1-min)
Jharkhand,2021143N15090,YAAS,2021,55.0,0,US agencies (1-min)
Jharkhand,2022230N18095,UNNAMED,2022,38.0,13,US agencies (1-min)
Jharkhand,2024295N15092,DANA,2024,40.0,90,US agencies (1-min)
Assam,1985142N16089,UNNAMED,1985,35.0,20,IMD (3-min)
Assam,1991113N10091,UNNAMED,1991,110.0,81,US agencies (1-min)
Assam,1991150N14091,UNNAMED,1991,45.0,0,US agencies (1-min)
Assam,1997133N03092,UNNAMED,1997,78.0,29,US agencies (1-min)
Assam,1997263N14084,UNNAMED,1997,65.0,20,US agencies (1-min)
Assam,1998133N04086,UNNAMED,1998,40.0,59,US agencies (1-min)
Assam,2013130N04093,MAHASEN:VIYARU,2013,38.0,5,US agencies (1-min)
Assam,2017147N14087,MORA,2017,48.0,0,US agencies (1-min)
Assam,2020136N10088,AMPHAN,2020,50.0,41,US agencies (1-min)
Manipur,1985142N16089,UNNAMED,1985,35.0,40,IMD (3-min)
Manipur,1991113N10091,UNNAMED,1991,110.0,1,US agencies (1-min)
Manipur,1991150N14091,UNNAMED,1991,45.0,3,US agencies (1-min)
Manipur,1995323N05097,UNNAMED,1995,38.0,100,US agencies (1-min)
Manipur,1997133N03092,UNNAMED,1997,78.0,0,US agencies (1-min)
Manipur,1997263N14084,UNNAMED,1997,65.0,0,US agencies (1-min)
Manipur,1998133N04086,UNNAMED,1998,40.0,49,US agencies (1-min)
Manipur,2013130N04093,MAHASEN:VIYARU,2013,35.0,48,US agencies (1-min)
Manipur,2017147N14087,MORA,2017,48.0,67,US agencies (1-min)
Karnataka,1981298N07083,UNNAMED,1981,45.0,65,US agencies (1-min)
Karnataka,1984332N08086,UNNAMED,1984,48.0,91,US agencies (1-min)
Karnataka,1989305N07105,GAY,1989,45.0,0,US agencies (1-min)
Karnataka,1992311N06107,UNNAMED,1992,53.0,0,US agencies (1-min)
Karnataka,1993331N07108,UNNAMED,1993,55.0,0,US agencies (1-min)
Karnataka,2000331N09092,UNNAMED,2000,50.0,37,US agencies (1-min)
Karnataka,2008329N09082,NISHA,2008,40.0,52,US agencies (1-min)
Karnataka,2011360N09088,THANE,2011,45.0,47,US agencies (1-min)
Karnataka,2012301N11087,NILAM,2012,48.0,0,US agencies (1-min)
Karnataka,2016341N08092,VARDAH,2016,58.0,0,US agencies (1-min)
Dadra and Nagar Haveli and Daman and Diu,1982309N12066,UNNAMED,1982,83.0,29,US agencies (1-min)
Dadra and Nagar Haveli and Daman and Diu,1996167N16072,UNNAMED,1996,65.0,18,US agencies (1-min)
Dadra and Nagar Haveli and Daman and Diu,1998285N14068,UNNAMED,1998,35.0,83,US agencies (1-min)
Dadra and Nagar Haveli and Daman and Diu,2009313N11072,PHYAN,2009,40.0,84,US agencies (1-min)
Dadra and Nagar Haveli and Daman and Diu,2011160N18070,UNNAMED,2011,35.0,71,US agencies (1-min)
Dadra and Nagar Haveli and Daman and Diu,2020153N13072,NISARGA,2020,60.0,98,US agencies (1-min)
Dadra and Nagar Haveli and Daman and Diu,2021133N10071,TAUKTAE,2021,115.0,27,US agencies (1-min)
Madhya Pradesh,1982309N12066,UNNAMED,1982,50.0,75,US agencies (1-min)
Madhya Pradesh,1985282N12090,UNNAMED,1985,35.0,0,IMD (3-min)
Madhya Pradesh,2014279N11096,HUDHUD,2014,40.0,80,US agencies (1-min)
Madhya Pradesh,2020153N13072,NISARGA,2020,35.0,26,US agencies (1-min)
Goa,1992311N06107,UNNAMED,1992,35.0,33,US agencies (1-min)
Goa,2021133N10071,TAUKTAE,2021,90.0,94,US agencies (1-min)
Kerala,1981298N07083,UNNAMED,1981,48.0,0,US agencies (1-min)
Kerala,1992311N06107,UNNAMED,1992,63.0,0,US agencies (1-min)
Kerala,2000331N09092,UNNAMED,2000,35.0,55,US agencies (1-min)
Kerala,2000358N08086,UNNAMED,2000,43.0,49,US agencies (1-min)
Kerala,2017333N06082,OCKHI,2017,53.0,64,US agencies (1-min)
Kerala,2018314N12093,GAJA,2018,55.0,0,US agencies (1-min)
Andaman and Nicobar Islands,1988327N06100,UNNAMED,1988,50.0,9,US agencies (1-min)
Andaman and Nicobar Islands,1988341N08090,UNNAMED,1988,35.0,25,US agencies (1-min)
Andaman and Nicobar Islands,1989305N07105,GAY,1989,95.0,9,US agencies (1-min)
Andaman and Nicobar Islands,1992314N08141,FORREST,1992,40.0,37,US agencies (1-min)
Andaman and Nicobar Islands,1997133N03092,UNNAMED,1997,65.0,80,US agencies (1-min)
Andaman and Nicobar Islands,1997298N06140,LINDA,1997,50.0,86,US agencies (1-min)
Andaman and Nicobar Islands,2007314N10093,SIDR,2007,50.0,52,US agencies (1-min)
Andaman and Nicobar Islands,2013281N12098,PHAILIN,2013,50.0,0,US agencies (1-min)
Andaman and Nicobar Islands,2013324N07103,LEHAR,2013,68.0,0,US agencies (1-min)
Andaman and Nicobar Islands,2014279N11096,HUDHUD,2014,40.0,2,US agencies (1-min)
Andaman and Nicobar Islands,2016341N08092,VARDAH,2016,45.0,99,US agencies (1-min)
